Feature_0,Feature_1,Feature_2,Predictions
-25.146460378495476,-6.678559123539234,0.4788013309837678,0
39.30185301682867,7.569475969335325,-0.8136322198542992,1
-24.358780867718,-2.705594642964744,-0.9532360715263676,1
21.0438456432916,5.064346818378541,-0.855914099013959,1
-23.993573718072827,6.294757701675391,0.416401245245414,0
-23.77560326094881,-0.7136574445124785,0.4526437088089904,0
20.318743414589253,24.09787858556769,0.4594943490737869,0
-11.86999086429079,-27.046313129551123,0.622215460540442,0
-21.124512017171742,-1.793090321019252,-0.9481262195214047,1
-2.547276666211743,-15.302333901957969,-0.8235683147900339,1
-16.184759897379365,-24.93546419619237,-0.8157379157485467,1
-4.871362800829953,28.77647430436281,-1.054383525688714,1
-24.401095685295743,-8.699518066371756,0.4913083206556634,0
-0.6685828292310948,9.662609382864147,0.4695667646477475,0
-24.75808460328652,-14.695628958931264,-0.1855958039546593,0
-15.498923544880627,26.064080317207548,-1.0726264293084415,1
-3.822999999610311,-27.264892503006678,0.6475667179384808,0
-19.23308834674869,-0.8404408263106817,-0.2409910305213655,0
-14.154218930925577,2.0223975400266894,-0.2385390872694194,0
-25.004182941480774,-0.6873509718521787,-0.9654281387461158,1
-6.050283529126917,5.807366427945324,0.4729298254062585,0
-19.07007955985953,5.157269480908178,-0.2709538606854653,0
-24.55346926089476,-13.704226185998168,-0.8979760670303794,1
3.2585010265818344,-1.4513769632982307,-0.1701334787877165,0
-11.70523539964554,-21.052319909700568,-0.1139977062367715,0
-0.5790337085277765,8.652755344180958,-0.93927305151898,1
-25.00844224646563,-0.6801699983904009,0.44875977020663,0
230.42643443825023,-16.62172170090716,1.299196917438295,1
-24.350227485123764,-0.7051142794440568,-0.9633679160641536,1
-24.337892995282072,-0.6983840410877897,0.4508722700156491,0
-4.194286118113625,10.758733954870902,0.4533799858260982,0
114.2395475042781,-4.469610436322858,-0.5267543896447809,1
-24.4793791894364,-0.7016061483818884,-0.9637747958723306,1
-20.7022774762717,37.21640346516752,0.2693088894752292,0
49.90934259156793,-2.715152111076689,0.6847809213497285,0
20.13017444253683,12.098724472515048,0.5198530277736921,0
-25.001731189220507,-0.6837479258961149,-0.2591645753900118,0
-24.373927554147546,-7.699899681835278,0.4863145156283135,0
-14.5074046358521,-10.972641458947503,-0.1736196219138699,0
-21.369338242628533,-14.791072674537867,-0.8828653782277252,1
-22.43151905759817,11.25043991498026,-0.3103304715613184,0
-11.264012872407616,-2.0575341497175565,-0.209116193595533,0
-24.337892995282072,-0.6983840410877897,0.4508722700156491,0
8.657971986448656,-26.61062046247732,-0.7323939240060056,1
-24.594740665457515,-9.701679740272343,-0.9184236708180036,1
-24.183750636110183,-0.7025709900799443,0.4513578804368638,0
-16.736535488051853,-0.9048587332158218,0.4748196031220053,0
-24.4793791894364,-0.7016061483818884,-0.9637747958723306,1
-10.559645307799236,-1.0726408033346426,0.4942792912852304,0
-14.707329874726152,-10.967210915507616,-0.174249466818169,0
6.87139233416638,-22.553601155743447,0.6558613768100273,0
-24.62383410274011,-7.693111502535417,0.4855272094979396,0
45.04456675137973,18.41740721664005,-0.8514137133335368,1
-6.209033011031223,-0.1975248527353127,-0.9112952533823876,1
30.730511177804857,34.81898492137729,0.436422253489551,0
3.2585010265818344,-1.4513769632982307,-0.1701334787877165,0
-21.920584072955585,-7.773604812435702,-0.9201577932467684,1
-24.990659750875192,-0.1804748475344003,0.4462760944359452,0
-5.1117223184399565,-24.23588333670979,-0.7859327898133711,1
14.189868785654552,-18.750966590398544,0.6585999385619139,0
-25.167252603338447,-6.677994347021496,0.47873582711372,0
48.01529466529579,7.332793879322859,-0.7861813744677794,1
51.674913303784905,14.242947852271897,0.6039934545057135,0
-4.9932058254174745,-25.232393655364397,0.6337213078449487,0
-4.520303691891957,-1.2366866595668191,0.5133056461542976,0
-16.988127839431996,-0.9014203985971988,-0.2339185020909909,0
-21.703239023770035,0.2233422638561101,-0.9601082334655678,1
-24.320004299593634,-9.70207709018093,0.4966431866986914,0
-24.603294048051747,-11.702160103793032,-0.9082918262802194,1
-23.6258158543548,-2.718438798437558,0.4632743905109798,0
-21.62599393531031,3.2293783909273177,0.4390982604051278,0
14.32745611915161,-13.756591755084465,-0.0726194231879496,0
41.05160686738503,-9.47704502253906,0.692431260560195,0
-17.836280824420644,-2.8756991906415936,0.4815137541721251,0
24.35512520293342,1.9770035550715332,-0.1239882106887008,1
-24.66510550730287,-3.690565056809596,0.4650796057103155,0
-24.337892995282072,-0.6983840410877897,0.4508722700156491,0
-24.183750636110183,-0.7025709900799443,0.4513578804368638,0
-3.9772273601212023,-28.43451580935789,-0.0549217555843388,0
-19.7018091587406,1.1693340319236796,-0.958882320062964,1
-23.397114538347623,-6.726076378638277,0.4843124738963843,0
-22.704611895896363,0.2542120684238584,-0.2570071213739499,0
-24.441893207147523,-0.7026243752768675,-0.9636566999527744,1
14.851652254047911,-1.7628845967183355,0.5743350980012636,0
-22.029256597548365,-11.772078350581609,-0.9001825731373684,1
-16.246566359296438,4.076548764984977,-0.9632351023849668,1
1.8053913569081992,-13.412786884793094,0.5941868762934326,0
-24.183750636110183,-0.7025709900799443,0.4513578804368638,0
230.53936626782783,-12.630429136223029,-0.1349662116238508,1
-24.292423160702963,-4.701044528225851,0.4713331005462635,0
-24.156582504961992,0.2970473944565323,0.4463640754095138,0
-24.596822494153432,-8.694201564344105,0.4906917024943547,0
29.410417300476613,15.848071830356032,0.5287719426490136,0
-11.71776881391925,-3.0418955420759657,0.500789527623295,0
-24.141239526012367,30.30732110431039,0.2940305449718186,0
-24.183750636110183,-0.7025709900799443,0.4513578804368638,0
3.5787342035270617,41.55864322607103,0.3204068632755863,0
30.97054678146548,-7.205897427537956,-0.0574324121637882,1
-9.072070938400987,4.882025221545409,-0.945711952083624,1
-6.077451660275112,4.807748043408848,0.4779236304336084,0
-24.336146317526,-0.7021011284560913,-0.2553780665974645,0
-24.337892995282072,-0.6983840410877897,0.4508722700156491,0
44.83769107856234,-9.579885938931966,0.7043589484353591,0
-23.44393583373072,4.279115260870533,0.4282916167560015,0
-24.06419073007272,8.297388560398273,0.4060199821255272,0
-24.337892995282072,-0.6983840410877897,0.4508722700156491,0
-24.769518726910796,-7.696219568417278,-0.9291330831330304,1
-24.45613521233323,-0.6985678789435728,-0.2574457286461796,0
-24.06621168380013,9.297799804276975,0.4009342197421495,0
-8.085509601764373,-1.146910710452813,-0.9121275137198042,1
20.2660150982778,17.096816395197433,0.4948840026369423,0
-18.1469676548688,-14.375027700179375,-0.1673078246264638,0
-24.346759422999348,-6.700281297298804,0.4813207106009635,0
-22.62501251253247,-8.751431226769077,-0.2093521424317957,0
-18.074948859601395,-11.876093064978702,-0.1797794253743006,0
-24.498880828443824,-7.696505592185348,0.4859208625631265,0
-23.328992920623005,41.78935616788014,0.2381763994180416,0
-11.211423287867309,-0.0545802932763017,0.4871465329628808,0
215.0888613060953,-11.203327438151096,1.225480416088412,1
-1.6720570039582008,-27.326987932353788,-0.0519127859534176,0
41.05160686738503,-9.47704502253906,0.692431260560195,0
-24.183750636110183,-0.7025709900799443,0.4513578804368638,0
-2.0489255449550074,3.1977871854286257,0.4982342011567373,0
-19.109085078825736,3.6541248167351617,-0.969713489757554,1
45.73423940645274,23.40752075077176,0.5395633825328103,0
-21.425421182681006,-16.78659235624252,-0.1666274315599116,0
-24.48363849442126,-0.6944251749201105,0.4504131130804151,0
-25.19787100582068,-4.679845601287069,-0.2394649124262428,0
-9.876539854217542,-1.0982611870465644,-0.9177699792949676,1
-24.7964905655389,16.32013071802956,0.3630777786113068,0
-24.202052339541105,4.2997078815945935,0.4259032448788993,0
-25.400721879665987,-8.67236534917231,0.4881590961341679,0
-17.218220512850326,18.111326202808375,-0.3294622535322531,0
-6.209033011031223,-0.1975248527353127,-0.9112952533823876,1
-19.31710536742205,-3.835832093826634,0.4819279569003165,0
-17.32640636127579,-5.890617891746215,0.4983582504810918,0
-6.197520221648075,-10.20140106288268,-0.8604650278019481,1
21.093922600603136,7.0707645609132745,0.548286199884087,0
-23.34350432891675,-12.729670679674255,0.5149577410142923,0
46.83098056874002,-6.63296035696648,0.6954004252506695,0
-16.98889378890469,-0.901673599872024,-0.2322312663644725,0
-24.64238797632557,-6.699316455600749,-0.9338119657082308,1
-16.49107953963019,-4.920016695843313,-0.9182908571388172,1
-25.72777786912526,-9.663837918548952,0.4922081338050693,0
-21.006721577014783,-10.792431709782798,0.512160755309523,0
4.261007961982116,-10.47841943453235,0.5866848694499345,0
-24.46251111863852,-1.698751039997798,-0.2523864197487825,0
1.616961116626922,-20.41383266391673,-0.0771068251282312,0
-6.009531332404626,7.30679400475004,0.4654391178652335,0
-18.855247137902747,13.157680443293469,0.3970332714353671,0
-19.08555639989487,22.16714344479149,0.3505931445415069,0
34.185613562363386,-8.29725386278818,-0.7484801026182198,1
-23.436627029534844,26.786934584673165,0.3140282421847397,0
-17.396560043069677,11.617523790689582,0.4092478157586351,0
-24.92097495445824,-0.6825458611453524,0.4490353273522608,0
29.750381625107984,20.840619168186283,0.5044459891595531,0
-24.82209052066071,-12.696573312442377,-0.90390172759364,1
-24.1294143738138,1.2966657789930087,0.4413702703821638,0
-23.57147959205841,-0.7192020293646056,0.4532867804562798,0
37.29326031765992,-2.3724630978459125,0.6450351885088378,0
-15.702069673058595,15.072743789048136,0.3968082573973032,0
-16.156352060696104,11.076592728460255,-0.9985066600285664,1
-24.5129841018584,-2.694340761923049,0.4604794537481524,0
-23.870329034688545,-11.715004259265848,0.5082186357571294,0
6.708383547277217,-28.551311462962303,0.6858242069741272,0
-12.227095725928288,-20.03751432942957,-0.1224108204774625,0
22.752958494557703,-1.9845720360557415,-0.8149739372316676,1
-3.8775657705854254,15.74824302326284,-0.2772750348895133,0
-6.315432411742046,-1.187925810020053,0.507650268758596,0
24.243940051111867,-2.0180060969808964,0.6039245817603311,0
2.153284338502978,31.593799046897857,0.3667100786063757,0
-3.768663737313921,-25.26565573393372,0.637579107883781,0
-21.8308834270248,-27.78316831896764,-0.8182872888103055,1
-24.498880828443824,-7.696505592185348,0.4859208625631265,0
-0.7857080914910383,26.671848773786166,0.3828480483399479,0
-24.651158756449824,-10.693438333417058,0.5006793125490546,0
-6.773561096621929,-1.175481719727547,0.5062069791603947,0
-2.929528831918629,20.72427336322067,-0.2996853151025481,0
-19.181264711681084,1.1622598288557475,0.4569589317635665,0
-32.01339645160511,7.512955459667413,0.3860561828200252,0
37.295006995416,-2.376180185214213,-0.0612151481042758,1
-17.186367275518467,-0.8926400104760709,0.4734024520873324,0
-1.3711688168102705,-20.32899683391508,0.6197352032269149,0
6.023653165876447,-28.53610785598116,-0.0242784572240331,0
-10.861750412357807,-25.080052415279415,-0.7989682951715831,1
17.75056821772162,-1.8416274765967304,0.5834678491136006,0
-16.732276183066997,-0.9120397066775998,-0.9393683058307404,1
-5.226295183512562,15.78515239275692,-0.2832137237200507,0
-16.410517914273523,11.090561881221896,0.4148939427938058,0
-24.12054794609652,7.2985630352040225,0.4109218297968494,0
-19.122669144399836,3.1543156244669235,-0.9672165872438788,1
-19.48011415431122,-9.833542401045491,0.5118907870644163,0
-24.61973132031677,-9.70100092234236,-0.9185024014310412,1
-6.917151098640358,-26.1838857633154,-0.0752059860581747,0
-4.081354288535988,14.75002651955503,-0.9807831432360474,1
115.0545914387239,25.51894109977144,-0.6765685404652799,1
-24.48363849442126,-0.6944251749201105,0.4504131130804151,0
-23.449329201989528,13.282468900998683,0.3825600653794779,0
-24.4793791894364,-0.7016061483818884,-0.9637747958723306,1
-19.342526820814165,-4.839167565731413,-0.2193285746854472,0
-22.73429265427333,-0.741942430019142,0.4559242559930323,0
37.29326031765992,-2.3724630978459125,0.6450351885088378,0
-25.574360880511257,5.337340070210295,0.4165005255214556,0
-24.532999951372236,16.813151730997937,0.3613681822280056,0
-24.45291932036336,-10.702218721538188,-0.2066416416292687,0
-22.476777174288937,-26.7618720056403,-0.1174560213070429,0
-16.27799379542949,3.084111353910278,0.4559466115951289,0
-13.502088009127284,-2.996823946175432,-0.2127772835485103,0
-24.80539676321473,-12.69702676281961,-0.9038491355441312,1
-0.9137992743059402,10.666230878536997,-0.2442306494626458,0
-25.29204935507321,-4.673891811026404,0.4681838760247682,0
-11.044155195993286,5.93594904048078,-0.957004206153965,1
-25.14646037849555,-6.678559123539246,0.4788013309837671,0
-19.181264711681084,1.1622598288557475,0.4569589317635665,0
-24.48363849442126,-0.6944251749201105,0.4504131130804151,0
81.08767936492836,-0.568041477244065,-0.6464342933235664,1
-24.33161273656981,-1.7059762584282676,-0.958229876553719,1
-4.860480416719311,12.777542402501211,0.4411224147363043,0
44.14537206182346,1.4357739932947065,-0.7678968135967413,1
-21.680330197606697,1.2301416218543644,0.4490858704598278,0
-24.507255582659745,-12.70145549061114,-0.1966540315745687,0
-19.262769105125663,-1.836595324753682,0.4719403468456166,0
-23.558883619701717,22.28865185425901,0.3365003648078146,0
-24.337892995282072,-0.6983840410877897,0.4508722700156491,0
58.00980993124217,7.064983794696694,-0.0484387926397106,1
-23.04724537031803,-6.735579829658085,0.4854147024789076,0
-21.97666701300806,-9.769124494140357,-0.2039198465789546,0
-25.187212575217835,-8.17798670034396,0.4862920385247921,0
-19.507282285459414,-10.833160785581969,0.5168845920917663,0
-6.771814418865847,-1.179198807095848,-0.2000433574527189,0
51.40749129728781,4.239583033445351,-0.7602564041735327,1
-24.43147970841381,0.30451439168638,0.4454980386661025,0
-17.89357581119832,30.13761662181384,0.3137131982311654,0
-1.4755820364181886,-24.33465134552277,-0.7744774856164314,1
-21.843338984495865,-4.767568685364495,0.4790487006239276,0
-24.681817055539227,-0.6927117188485226,-0.2564670684369977,0
-5.805770348793167,14.803931888773612,0.4279855801601088,0
-6.529657216550742,-21.196299107301183,-0.8056380416776643,1
-21.979179640236836,-9.765660608046876,0.5040177257606774,0
-19.824489309154927,4.180800702434777,0.4396943289034324,0
-17.780197884368178,-0.880179508936942,-0.2347241924956883,0
-16.732276183066997,-0.9120397066775998,-0.9393683058307404,1
-21.70749832875489,0.2305232373178881,0.4540796754871777,0
-25.271413652791832,-6.675165033889314,0.4784076779185802,0
-24.954105984169257,1.3190667706825523,0.43877216015193,0
58.17030609090256,13.06615798800903,0.6295359495358218,0
-24.538405555250502,-3.697676233827827,-0.2407770778376113,0
-17.840574902030017,-4.883360527624058,-0.9225423102428358,1
20.550839250944627,7.082120627867256,-0.1613702191993773,0
-5.534089037311225,24.800115734138373,0.3780475298866092,0
-24.983451591606386,-0.680848816320387,0.4488385008196673,0
-21.74323763328769,0.2278243768445656,-0.252288757045492,0
-4.766949581222034,32.78212881597049,0.3398291631546319,0
-16.08242350913332,1.0780864055374633,0.4667215277802027,0
-11.670864664399463,11.95850599858768,-0.2815094782891102,0
-16.95921303052772,0.0944808985709762,-0.9451626437314548,1
46.94391239831766,-2.6416677922823504,-0.7387627038114762,1
54.295519879516846,-0.8406458587653577,-0.7257609748592588,1
480.1013831829841,-7.404973778949579,0.5903017586128089,1
-5.638502256919142,20.794461222530693,-1.0161651589567369,1
-24.48363849442126,-0.6944251749201105,0.4504131130804151,0
-1.5316649764706598,-26.33017102722742,-0.0582395389486176,0
48.04152002835607,21.344135687315116,0.5569910355195435,0
-31.90472392701233,11.51142899781332,0.3660809627106253,0
-24.48189181666518,-0.6981422622884119,-0.2558372235326986,0
-21.51732141071753,7.227851929073224,0.4191230402957279,0
7.115905514500129,-13.557035694915156,0.6109171315638775,0
-24.53763960577781,-3.697423032553003,-0.2424643135641297,0
121.99369659218384,25.33045508278804,-0.6547075686044144,1
103.5462942311094,2.8233434639414536,-0.595998206814013,1
-1.2423294753130485,-1.3257258498072446,0.5236325832051858,0
-32.30973326700647,-3.4863106563273054,-0.2669495342187573,0
-12.380585700659486,11.97438842349881,-0.991690873100308,1
-2.2973303476606195,7.706138143380324,0.474594346081092,0
-24.4793791894364,-0.7016061483818884,-0.9637747958723306,1
46.65356114295492,32.37869119544088,-0.917456271857066,1
-24.020033587145875,16.29537027483169,-0.3407319089976479,0
-32.23074150079066,-0.483991616624399,0.4260066230388248,0
-3.68715934386934,-22.266800580324286,0.622597692801731,0
-11.793874841770968,5.956313578380365,-0.9593661245450864,1
-23.47841764193807,36.29145505292952,0.2656423270684664,0
-24.37947744496788,-0.6972544880522928,0.4507412622755549,0
-23.060310228051662,-12.73736304445686,0.5158499163212318,0
-24.42575118921516,-9.702600337001709,-0.2116354466566187,0
-6.240460447164277,-1.1899622638100116,0.5078864605977083,0
-23.43563893631744,4.278889893317778,0.42831775531953,0
-22.67744376474817,1.253830452960335,-0.2620009264012998,0
-24.500901782171248,-6.696094348306648,0.4808351001797489,0
-18.85273451067397,13.154216557199993,-0.3109043009042649,0
-24.64238797632557,-6.699316455600749,-0.9338119657082308,1
46.53970696799168,-4.631401110335496,-0.7298773223392998,1
58.57415870614692,-11.960785811266303,-0.6564081906295771,1
-19.1432091990882,7.1633642257245365,0.4266024485342799,0
-23.490975527450683,-4.7264837893537095,-0.2323978564496536,0
-24.446565519874856,-4.696857579233695,0.470847490125049,0
-4.520303691891957,-1.2366866595668191,0.5133056461542976,0
-25.126500406616167,-5.178566770216784,0.4712451195726951,0
118.5579835239231,-30.59278099351723,0.3268601933694554,1
-1.7396299452693949,-1.3156133773009977,-0.185879601395194,0
215.7994920209332,14.779569586335516,-0.3185464235754333,1
-24.4793791894364,-0.7016061483818884,-0.9637747958723306,1
-8.986919854453676,-1.1187561776050097,-0.2087114791760365,0
-32.47525468112441,-9.480557077452689,0.4709508682849744,0
-19.881098695333268,-0.8265086474993428,-0.9492883630734512,1
-24.183750636110183,-0.7025709900799443,0.4513578804368638,0
118.52940789175577,-31.672115647541798,0.3305662670724749,1
78.61536900240849,-3.501955477127577,-0.6389848785295774,1
76.33396092848382,-14.44390572300716,-0.5902988802222098,1
-8.18537657360838,0.863579939661835,0.4916004015000174,0
24.73577361103317,-0.0377182890039609,-0.8188860633394984,1
50.79206023890063,-6.747619930918827,-0.7063219082786407,1
229.7787592406054,-17.611550610655758,-0.1119654518130357,1
-6.293050031704583,-3.192916120251266,-0.1883762659607055,0
-24.337892995282072,-0.6983840410877897,0.4508722700156491,0
-5.583031931348801,13.79752532493728,0.4337666913178327,0
-24.42955440227941,-2.7036722305870238,-0.9534590366224908,1
-6.344873666772195,-5.195616775417695,-0.8863262282456374,1
-17.52960336975417,25.125948340531732,0.3402568356286631,0
132.66009409701977,-1.968896317182756,-0.4839604465779263,1
102.54925852077058,7.85220756102597,-0.6245362481009739,1
-25.14646037849555,-6.678559123539246,0.4788013309837671,0
-24.36506112643027,-1.698002425624266,0.455866075042999,0
-19.826762433036883,1.1727281215736105,-0.959275973128151,1
-3.400331345957845,-7.276311696088987,-0.8668909446264513,1
37.29326031765992,-2.3724630978459125,0.6450351885088378,0
103.5734623622576,3.82296184847793,-0.600992011841363,1
-25.099024785515844,32.33404999954777,0.2808543450891043,0
-19.013996619807056,7.15278916261283,-0.9871918073532788,1
-11.62765016291193,1.9503730430046105,-0.9385248676922752,1
25.40502727904721,-14.060886025574048,-0.7456661072090286,1
-8.985173176697593,-1.1224732649733111,-0.9149618157891504,1
-3.265952666145262,16.235477672579712,0.4283679339228226,0
121.44607466423513,5.345268365520287,0.8593564408953306,0
-14.563487575904574,-12.968161140652152,0.5426183247539436,0
101.37355868177754,-4.120133243792219,-0.5672874286160454,1
-24.337892995282072,-0.6983840410877897,0.4508722700156491,0
34.37153117541589,-1.292744197571068,0.6307511711430761,0
102.57642665191877,8.851825945562446,-0.6295300531283238,1
-23.71937977936211,16.287477660946678,-0.3414743773677177,0
3.7178466288723606,15.545599459915346,0.4529094080869663,0
-6.944319229788551,-27.18350414785188,-0.0702121810308248,0
230.566534398976,-11.630810751686548,-0.1399600166512009,1
-19.23560097397747,-0.8369769402172055,0.4669465418182665,0
-19.31710536742205,-3.835832093826634,0.4819279569003165,0
-19.01825592479192,7.159970136074608,0.4269961015994667,0
-19.34001419358539,-4.842631451824889,-0.9272661470250791,1
-18.90532409521428,11.151262700758735,-1.0071670274626787,1
-16.13250046644485,-0.9283313369972676,-0.9374787711178432,1
-17.013375661779843,-25.909643319600992,-0.1070131537252795,0
-23.19112575598369,13.275455354146066,0.3833735100733803,0
-23.14503051346612,-5.7325673554716765,0.4800272443863708,0
2.7561753021679345,-1.434336718605031,0.5362294812911679,0
-25.357429521375813,-13.675323038776831,0.5136924623051697,0
-14.518899634444876,-3.9661651363839785,0.4970442346034949,0
-25.00844224646563,-0.6801699983904009,0.44875977020663,0
-22.73429265427333,-0.741942430019142,0.4559242559930323,0
22.58994970766854,-7.9822823432746,-0.7850111070675678,1
-18.962172984739446,9.155489817779255,-0.2892418450683467,0
-24.350227485123764,-0.7051142794440568,-0.9633679160641536,1
-24.350227485123764,-0.7051142794440568,-0.9633679160641536,1
-4.015153104082479,10.75386818794876,0.4539443268603501,0
-4.493135560743762,-0.2370682750303426,0.5083118411269478,0
-17.318339654848874,16.113333028183163,-0.3196188779606377,0
-24.993199912443075,6.321910418874839,0.4132520207239186,0
-16.736535488051853,-0.9048587332158218,0.4748196031220053,0
-24.92911532931,1.3183879527525662,0.4388508907649674,0
43.86476912729741,29.45337374582272,-0.9110039015465822,1
-24.999984511464422,-0.6874650132644163,-0.9654149120031256,1
-24.4793791894364,-0.7016061483818884,-0.9637747958723306,1
36.93894054945944,-6.371329430153732,-0.7499648064648818,1
23.111242313410376,-4.991703457483866,-0.0923511730653595,1
-26.009050978882364,-10.656554082373328,0.4964014059590551,0
-24.42826381644393,-9.699136450908233,0.4963021256830133,0
103.18884922119798,-10.164514561570964,0.883109167494282,0
-11.841076055386512,-26.05041183238296,-0.0890286811000217,0
49.913601896552784,-2.7223330845384663,-0.7294069876030173,1
-25.142201073510687,-6.685740097001024,-0.9353865779689786,1
179.16303047736812,-7.226409688843838,1.097061414362476,1
-28.437086445065606,-8.58988897067899,0.4785933266501253,0
-24.70316101989576,-9.691669453678385,0.4954360889396021,0
195.59382151435904,7.325562812620401,-0.3415672470435536,1
-17.224206072888954,-27.908298900909568,-0.8037744025254461,1
-24.200031385813688,3.299296637715893,0.4309890072622769,0
19.94425682948433,5.094214807297933,-0.8593782459876038,1
-24.337892995282072,-0.6983840410877897,0.4508722700156491,0
40.97010247394045,-12.47590017614849,0.7074126756422447,0
13.91818747417261,-28.747150435763317,0.7085379888354135,0
-19.013996619807056,7.15278916261283,-0.9871918073532788,1
-24.50443071926416,-0.693860398402362,0.4503476092103681,0
-20.529817305993,-11.812807426380775,-0.8954587363551251,1
87.94425950005315,4.251165509640342,0.0560255530598546,1
-24.62551990552769,-7.696461347216656,-0.2224235895846827,0
-24.308703910406468,-0.6991769004300135,0.4509642273716768,0
80.87033431574282,-8.564988553535878,-0.6064838531047668,1
-15.641397274415484,-4.943096505462841,-0.915614016295546,1
-24.60086440160828,-6.693379076586703,0.4805201777275993,0
-24.29622637376721,2.297883578188835,-0.2704904894196087,0
-5.751434086496779,16.803168657846566,0.4179979701054088,0
-21.870507115644056,-5.76718706990097,0.4840425056512776,0
-19.5812108370222,-0.8346544626591768,-0.9483435957170028,1
-24.00734184054756,10.29316144337775,-0.3119052002688048,0
-24.23808689840657,-2.701807759152897,0.4613454904915636,0
-22.59784438138428,-7.7518128422326,-0.2143459474591456,0
-16.386666320022268,-0.914362184235628,0.4759218317045288,0
-23.78707796348788,-8.719866193024718,-0.2130131159380342,0
-11.075582632126338,4.943511629406082,0.4621775078261307,0
-23.85877147801279,22.296797669418847,0.335555597451366,0
-14.16444100782464,-25.98702856361941,-0.0980378638390172,0
-24.648824757599368,-7.69243268460543,0.4854484788849021,0
-6.771814418865847,-1.179198807095848,-0.2000433574527189,0
-24.337892995282072,-0.6983840410877897,0.4508722700156491,0
-25.375005171941208,-0.6702130969933638,0.4476049495745975,0
57.87571595325729,2.0631747846460087,-0.7297201041160745,1
-32.23074150079066,-0.483991616624399,0.4260066230388248,0
-23.87150118480658,15.291253366060134,-0.3368742254055547,0
-24.182003958354105,-0.7062880774482461,-0.2548924561762499,0
0.4243779081163453,4.624074408150667,-0.9157943191294164,1
-19.50302298047456,-10.84034175904375,-0.8973033168609796,1
-19.181264711681084,1.1622598288557475,0.4569589317635665,0
-8.577048589660649,-19.13657774601591,-0.1143014508878728,0
-24.337892995282072,-0.6983840410877897,0.4508722700156491,0
-24.6905091699046,-7.691300416298214,0.4853171562223558,0
-24.33151708897679,0.3017991199664353,0.4458129611182521,0
-17.83437762410305,-0.878707831664732,-0.2348948804647534,0
-12.29747835856402,-11.028999758382977,0.5395983739530525,0
-24.983451591606386,-0.680848816320387,0.4488385008196673,0
-6.236201142179417,-1.1971432372717894,-0.9063014483550376,1
-6.480714322513166,-10.193708698100078,-0.8613572031088879,1
-24.48363849442126,-0.6944251749201105,0.4504131130804151,0
-24.07256548428863,3.292438661972486,-0.2765549120121682,0
-5.6881534130318645,-1.2083601443631833,-0.1983190382551013,0
-16.13250046644485,-0.9283313369972676,-0.9374787711178432,1
-5.855847306104697,12.797514146238882,-0.976214718737937,1
-25.407254308532806,-11.673256956571697,0.50337670305533,0
24.246061649766343,19.989775951729012,0.4921845631887249,0
87.34830729254897,-17.74415603753044,-0.5403610729515598,1
1.9429786904052533,-8.418412049479015,-0.1370324854564307,0
-13.592163575956471,-4.998759575721707,-0.9091581060264802,1
231.64900033991896,28.36110560323429,1.0744756912075462,1
-21.6531620664585,2.229760006390841,0.444092065432478,0
-5.524436364067553,15.789581120548451,-0.9904088276896132,1
-22.95163770345889,-8.738889506310953,0.4958746962118319,0
-24.54015223300659,-3.6939591464595263,0.4654732587755023,0
-19.231341668992616,-0.844157913678983,-0.9472413671344792,1
-24.11876137173327,-0.7077319209983863,-0.2563828653701748,0
48.94743688549933,-26.70097200192077,0.095710537003528,1
-13.141293372808928,-16.014926343522536,-0.8518643323345086,1
-5.5251446261427,4.789350162855675,-0.2282818684192011,0
-13.600248073173772,-24.00531060806724,-0.8126750596825545,1
-1.0875947977127314,22.67522785157444,-0.3057309220515932,0
-4.273769557830791,6.759467557382769,0.4734471632915257,0
-12.27150516565828,-1.02614177513059,0.4888862442921693,0
-4.436778344719958,0.7617572501639102,0.5034099934556254,0
57.41319422895545,18.085109428665195,-0.1061917232669158,1
-24.183750636110183,-0.7025709900799443,0.4513578804368638,0
-24.30821223690511,0.2977704573552107,-0.2620591073513329,0
-4.685445187777451,35.78098396957992,0.3248477480725821,0
19.616631309721058,-1.8993803858424771,-0.8248546291678597,1
-21.13270826965795,21.21532833912212,-1.0649781390399171,1
-24.48363849442126,-0.6944251749201105,0.4504131130804151,0
-5.144790790067978,18.784007546366343,-0.2981951388021006,0
-24.02074184922102,5.295139317138916,0.4213950502727639,0
6.771061474279487,17.463378077389958,0.452369471596753,0
-18.692238351013582,19.155390750512325,0.3670704412712673,0
-24.183750636110183,-0.7025709900799443,0.4513578804368638,0
-24.91169551899849,9.320765572484266,0.3982706056418686,0
-32.23074150079066,-0.483991616624399,0.4260066230388248,0
-4.9299583681112,26.78441850875164,0.3697919933187318,0
-24.508629149280512,-0.6937463569901243,0.4503343824673775,0
-13.7157126305536,-28.25368874234726,-0.7914513883163173,1
-24.983451591606386,-0.680848816320387,0.4488385008196673,0
-23.299798280576468,9.27698181600016,0.40334873018278,0
-4.351014646290516,3.753431430311562,-0.9257593305791704,1
-18.575778266650666,-5.863746642568167,-0.9197791009440616,1
-22.558180922806457,-6.752533866661116,-0.2193003871799769,0
19.749820606462112,-1.895932910995624,0.5897662981565917,0
-11.075582632126338,4.943511629406082,0.4621775078261307,0
-25.160407129348595,0.3243141530682166,0.443201624145028,0
-24.87576160506008,-6.685912079356855,0.4796541409841881,0
-20.649946742334457,-26.81488960062276,-0.8196462588949456,1
14.135532523358169,-20.750203359471502,0.6685875486166138,0
-32.23074150079066,-0.483991616624399,0.4260066230388248,0
-23.586051750849915,21.289033469722536,0.3414941698351645,0
-21.69168146709428,34.235144192540815,-1.132771271771331,1
58.73542081528001,-5.959358416679145,0.0198793158194368,1
-6.771814418865847,-1.179198807095848,-0.2000433574527189,0
57.93005221555367,4.062411553718961,-0.7397077141707744,1
-1.7267995935485396,28.698124218646324,0.3697244405067427,0
-24.1294143738138,1.2966657789930087,0.4413702703821638,0
-16.85036687489067,-19.91193301238213,-0.1369759838893792,0
-12.27150516565828,-1.02614177513059,0.4888862442921693,0
-25.173628509643745,-7.678177508075723,0.483795136011117,0
-1.008603031496925,25.677546891277345,0.387225235205989,0
18.423183189925208,41.15542537565925,0.3671728474197945,0
-24.373927554147546,-7.699899681835278,0.4863145156283135,0
-17.77784609472734,-0.8765737477091584,0.4715390559379634,0
46.71733268096495,23.373751836628287,-0.8715408057684869,1
-17.136385965799953,-0.8939976463360432,0.4735599133134072,0
119.1828505403316,-7.601558149178265,0.2120026777404061,1
-24.54652813931188,-4.69414230751375,0.4705325676728994,0
-23.870329034688545,-11.715004259265848,0.5082186357571294,0
-24.67206873470253,-7.695470954043747,-0.2208805883412488,0
-24.6026466609451,-0.6948622140507188,-0.2562176498548952,0
-22.4005655041761,8.248530080685894,-0.2949947687206001,0
53.91516604344213,-14.835303242276032,-0.6558477044763593,1
76.35686975464716,-13.437106365008905,0.8188952237031858,0
-6.100360486438444,3.8009486854105936,-0.9312704734917872,1
-5.6881534130318645,-1.2083601443631833,-0.1983190382551013,0
-9.71416147260088,-1.0956065715419347,0.4969429053855113,0
24.192116416044254,-4.020706752147325,-0.094025380524601,1
-24.4539577360443,0.3017293235228901,-0.262518264286567,0
-24.183750636110183,-0.7025709900799443,0.4513578804368638,0
-5.733210239868499,6.795714520193482,-0.2390961499107936,0
27.85768515963984,23.886034006215088,-0.9309562800481864,1
-24.84641599762295,-4.685996492353917,0.4695878003164508,0
2.293535824456283,17.585000528269717,0.4382634651200702,0
-21.567398368029057,5.221434186538493,-0.9850772586023178,1
-8.089768906749233,-1.139729736991035,0.5020603952329417,0
-6.018856092993862,6.799803839020022,-0.9462518885738372,1
-24.229220470689302,3.300089497058117,0.4308970499062492,0
61.292903240108544,-1.030714879161484,-0.7037164032087901,1
-24.500901782171248,-6.696094348306648,0.4808351001797489,0
-25.00844224646563,-0.6801699983904009,0.44875977020663,0
26.16573495119665,13.928428741447291,-0.8854926479748275,1
-25.00424381644929,-0.6802840398026384,0.4487729969496202,0
-24.144036855068837,11.800804631785848,0.3879905502385405,0
-21.13270826965795,21.21532833912212,-1.0649781390399171,1
189.46555618568692,-6.505899514943915,1.1244391180364832,1
-24.009854467776325,10.29662532947123,0.3960323720708272,0
-20.870880921273805,-5.794339787100417,0.487191730172773,0
-6.942572552032469,-27.18722123522018,-0.7764625176439384,1
-25.00424381644929,-0.6802840398026384,0.4487729969496202,0
-25.30309325907942,-11.67608626970388,0.5037048522504698,0
-9.876539854217542,-1.0982611870465644,-0.9177699792949676,1
-23.515396652005936,1.276317652340046,-0.2629511662115338,0
-6.556825347698935,-22.19591749183765,-0.8006442366503143,1
-5.228807810741338,15.78861627885039,0.4247238486195813,0
74.21307180234399,-1.3816637489643313,-0.6630126762684606,1
-17.736161682422104,-0.8777060160163752,0.4716703786005098,0
17.09200563863219,-7.832942398677642,-0.8023318419357929,1
38.96432265366719,5.577931565044923,-0.804536785106539,1
-1.4818800859208408,-20.32965924059845,-0.0868694211448673,0
-1.4275438236244524,-18.33042247152549,-0.0968570311995672,0
-6.1292752953427225,2.8050473882424187,-0.2200263318513237,0
74.75217512032302,18.617884915226973,0.6512991321372859,0
-5.262407725829282,34.79629957950315,0.3281094796131094,0
-6.480714322513166,-10.193708698100078,-0.8613572031088879,1
-18.370910754104354,-0.8638600448952044,-0.2382748243715756,0
-11.577573205600402,3.956790785539341,0.4656754312057705,0
3.964671146580755,-21.47768555052707,-0.0663208475888478,0
78.31477288202224,-14.494040619660518,0.1221973133843858,1
-6.267628578312471,-2.1895806483464875,0.5128802656250583,0
-24.40446809982713,-0.6965756701223067,0.4506625316625174,0
-25.168938406126028,-6.6813441917027365,-0.2292149719689023,0
-24.617397321466317,-6.699995273530735,-0.9337332350951932,1
-4.766949581222034,32.78212881597049,0.3398291631546319,0
7.902077724219813,18.42594749954527,-0.963348095409698,1
195.2092083732995,-6.661913597428494,1.1425339322920918,1
47.69259362841441,8.341915714879141,-0.7922774080776528,1
-14.61564136457798,7.033317206935265,-0.9733352194586986,1
-24.48363849442126,-0.6944251749201105,0.4504131130804151,0
-24.011875421503746,11.29703657334993,0.3909466096874496,0
-18.735787876792347,-0.8505532988169284,0.4685211540790143,0
-24.183750636110183,-0.7025709900799443,0.4513578804368638,0
-24.182003958354105,-0.7062880774482461,-0.2548924561762499,0
-8.19844143134201,-5.138203275136941,0.5220356153423414,0
-24.582406175615827,-9.694949501916078,0.4958165152617989,0
-11.13470464553346,-0.0603338344345617,-0.2188676118111208,0
-25.00424381644929,-0.6802840398026384,0.4487729969496202,0
-24.268292293146327,3.297755164000137,-0.2771715301734769,0
-20.8084373736357,33.21446604092814,-0.4186534627550031,0
19.912677868123804,23.101486864071983,-0.9509068526106982,1
-5.633247620431477,6.792999248473537,-0.238781227458644,0
-24.4793791894364,-0.7016061483818884,-0.9637747958723306,1
-24.50976820988852,-12.697991604517664,0.5112835407650632,0
-17.98067486275585,-9.874271476844664,0.5166146238466595,0
-19.068332882103444,5.153552393539877,-0.9772041972985792,1
23.951471512121067,8.986792748366002,-0.8670714904631712,1
-17.77609941697126,-0.8802908350774598,-0.2347112806751502,0
-24.197518758584916,3.295832751622416,-0.276948565077355,0
-2.319200758143018,-4.304609259679006,-0.8787231351870054,1
78.9142184450386,7.4938467527736625,-0.6939167338304268,1
-5.534089037311225,24.800115734138373,0.3780475298866092,0
8.096604597500999,6.423452682039617,0.5124188167450326,0
-23.5214982823399,-0.7205596652245777,0.4534442416823546,0
47.12206287430233,-12.650070360386866,-0.6874075025033035,1
-16.720154093421286,18.101466931576955,0.3783626953416082,0
47.8115459173038,29.3498376002532,-0.1923141280735613,1
-24.346759422999348,-6.700281297298804,0.4813207106009635,0
-24.183750636110183,-0.7025709900799443,0.4513578804368638,0
-24.918227947865308,6.31987396508488,0.4134882125630307,0
46.66299641866858,21.37451506755533,-0.861553195713787,1
-24.467257099790693,18.311900489872663,0.353956205300018,0
-24.48189181666518,-0.6981422622884119,-0.2558372235326986,0
-5.995947266830528,7.806603197018277,0.4629422153515585,0
-7.872423857563679,6.857217339300776,0.4621099550141418,0
0.7611822184123025,-1.3872122576679158,-0.884256876704569,1
-31.66021074667859,20.50799445864161,0.3211367174644756,0
-25.00844224646563,-0.6801699983904009,0.44875977020663,0
25.250221425092786,18.958748104557397,-0.207518022246034,0
-5.345247472401949,-5.222769492617142,-0.883177003724142,1
-24.337892995282072,-0.6983840410877897,0.4508722700156491,0
10.153409140507751,-1.6352668258809362,0.5595337427502347,0
-23.74906053773908,15.29132316250368,0.3714569999992643,0
-5.4979764949945045,5.788968547392152,-0.233275673446551,0
-16.46920912914779,7.09073070721602,0.4350266241292804,0
-24.283556732985687,1.3008527279851632,0.4408846599609491,0
-1.7667980764175888,-2.3152317618374734,-0.180885796367844,0
9.174166478264349,-7.617871156284267,-0.8272762195256548,1
121.50467023151636,7.337324161131462,-0.5648190781121152,1
-0.6668361514750121,9.658892295495846,-0.2366835719653662,0
-25.18337683048043,-0.6754182728804976,0.4482086559153683,0
-16.732276183066997,-0.9120397066775998,-0.9393683058307404,1
-24.48363849442126,-0.6944251749201105,0.4504131130804151,0
-23.993573718072827,6.294757701675391,0.416401245245414,0
32.64054791366739,-6.254572746196114,-0.7635064719073128,1
-17.67311551496996,5.122719562922429,0.4413926259842605,0
-16.189349355970005,-2.9241042199767446,-0.2195535887235111,0
6.1069042370771145,-25.54096978974004,-0.7455102089191966,1
-21.78900272219947,-2.768331916291541,0.4690610905692277,0
-17.809112693272453,-1.8760808061051168,0.4765199491447753,0
20.6866799066856,12.080212550549644,-0.1863392443361272,0
-16.709758258829346,-8.911832507348215,-0.1924063614319816,0
-24.56965436300524,-7.694583179807628,0.4856978974670047,0
-16.326936689467065,-7.918479055290824,0.5116657730263524,0
0.9745251301015826,31.62581753101945,0.3629965130506282,0
-19.097482197020497,28.169605477520257,0.3200792000861456,0
45.51249963473075,-9.605280955091132,-0.7077164607083675,1
-24.392229257578467,-2.697620810160743,0.460859880070349,0
-24.50033225186724,-0.6939717245428797,0.4503605210309062,0
-0.8267002227484139,50.678118977195496,-0.4471320750781399,0
-24.55431138405561,22.315690530046226,0.3333643670293094,0
-1.6309574206766175,2.6828601608449087,-0.2058548215045939,0
-32.23074150079066,-0.483991616624399,0.4260066230388248,0
-4.855618491920421,-20.238018820050318,-0.0974980539049147,0
-19.231341668992616,-0.844157913678983,-0.9472413671344792,1
-24.200031385813688,3.299296637715893,0.4309890072622769,0
-5.909049505127132,1.802104710499557,0.4936923516460322,0
7.79685547096107,11.429706831128456,-0.2201783307329851,0
-16.136759771429706,-0.9211503635354898,0.4767091378349026,0
-24.596822494153432,-8.694201564344105,0.4906917024943547,0
36.93894054945944,-6.371329430153732,-0.7499648064648818,1
-5.04579540995778,-27.23534751180565,-0.0625414187134649,0
24.24645267834064,-2.0214699830743728,-0.1040129905793009,1
-13.7157126305536,-28.25368874234726,-0.7914513883163173,1
45.015651942475465,17.42150591947187,-0.1401695716930729,1
-24.582406175615827,-9.694949501916078,0.4958165152617989,0
4.019208698731274,26.53793780372311,-0.3099600195535155,0
-24.68356373329531,-0.6889946314802212,0.449783268176116,0
-24.81514508405142,-5.6942675276243815,-0.9394356156398798,1
-24.337892995282072,-0.6983840410877897,0.4508722700156491,0
-9.506761036772096,-11.111868931038217,-0.8658110716460244,1
-23.990770833845435,-7.710307318337827,0.4875216133874027,0
-24.400208794842275,-0.7037566435840845,-0.963525377290228,1
-25.753199322517368,-10.66717339045373,-0.2090483977806944,0
41.133111260829615,-6.478189868929631,0.6774498454781451,0
-24.337892995282072,-0.6983840410877897,0.4508722700156491,0
-16.626116285702995,3.0898977175617834,-0.2514059536005082,0
-19.37144162971844,-5.835068862899588,0.4919155669550163,0
81.81695960094476,26.42883587870258,0.6329208798907303,0
101.96951088928174,17.875188303378565,0.029099197395369,1
-24.68242467268731,11.31525061604732,0.3888341098784305,0
-6.136611760526312,17.81398753822781,0.4117051099629421,0
-24.52039842384462,7.309424122083802,0.4096621399882513,0
-24.52353633236325,-8.699587862815303,-0.2170229047491556,0
41.350456310015176,1.5187572073621791,0.6374994052593452,0
-19.31710536742205,-3.835832093826634,0.4819279569003165,0
-24.458647839562005,-0.6951039928500966,0.4504918436934524,0
-23.77622866888727,14.291704777967205,0.3764508050266142,0
19.75407991144697,-1.9031138844574012,-0.824421610796154,1
7.084956958412109,10.445292053573125,-0.9252871899037952,1
19.83132499990669,1.1029222426138057,0.5747848830745417,0
-20.593604951678923,41.21487700331343,0.2493336693658293,0
-19.15158395330411,2.158414327298748,-0.2559724456034154,0
-32.23074150079066,-0.483991616624399,0.4260066230388248,0
-24.73032915104395,-10.69128783821486,0.5004298939669521,0
-24.27883909512887,-4.201235335957611,0.4688361980325886,0
-22.660142390154103,-10.754585332312736,-0.9072495126672184,1
15.060995660152855,13.233104627400404,-0.2074521589263986,0
480.1268046363762,-6.4016383070448,1.2915582901985725,1
-24.09453666634671,-0.7086639402031975,-0.2546168990306191,0
44.44512118836338,-3.570480155794133,-0.0352996661187236,1
-23.226534906910704,-8.731422509081106,0.4950086594684207,0
14.271373179099138,-15.752111436789114,0.6436185234798638,0
7.624060276391135,30.444840717764432,0.3890246185019511,0
9.251411566724071,-4.6118350292130605,0.5719302743450411,0
7.061569252203743,-15.556272463988108,0.6209047416185776,0
-22.30825658342352,-9.75672193354482,0.5029810010482011,0
-24.709536926201046,-10.691852614732609,0.5004953978369991,0
178.67883295198948,-19.224598960198428,-0.2577125832468132,1
24.83196859898669,0.9636947705230962,-0.1174065666576128,1
-19.466832581355195,-24.846313679811438,-0.826077764619973,1
24.24645267834064,-2.0214699830743728,-0.1040129905793009,1
-25.089946639910217,-3.679025151999831,0.4637411852886798,0
-4.821285843518424,30.78289204689754,0.3498167732093319,0
-18.083752729235684,23.140287930058506,0.3486698334226151,0
-23.74906053773908,15.29132316250368,0.3714569999992643,0
-24.49607294688239,-0.7011526980046575,-0.9638273879218396,1
79.18164045153569,17.497211571600207,0.670333124848819,0
-24.20324727778356,13.302947480310506,0.3801849202453661,0
194.94178636680243,-16.66527841625504,-0.2217159263871545,1
-5.760378371016693,5.796096135657006,-0.2341023448834436,0
-18.05187919585012,-10.876363354301706,-0.1847861422221887,0
-24.57343978527911,-3.693054960976785,0.4653683895989366,0
-24.433813707264267,-2.6964912571252464,0.4607288723302548,0
-5.94161100453414,9.805839966091233,0.4529546052968586,0
-18.269670342288187,16.135778264841395,-1.0305614403386807,1
-5.570201452979332,12.79342482741234,-0.2690589800748934,0
119.10385877411578,-10.603877188881174,-0.4809534795171759,1
-16.988127839431996,-0.9014203985971988,-0.2339185020909909,0
17.15054033094493,-5.833819671016929,-0.8123062252475028,1
-5.69066604026064,-1.204896258269707,0.5096185340845308,0
20.29569585665477,18.092970893640427,-0.2180473747300398,0
-22.723818280571123,0.2581294048945654,0.4508778589161732,0
-18.58356582642081,23.15386428865823,0.3470952211618674,0
-24.82811429419204,-9.688275364028454,0.4950424358744152,0
195.48514898976632,3.3270892744744938,-0.3215920269341537,1
-21.757575286066423,-1.7758945052168424,-0.950120623410868,1
-16.736535488051853,-0.9048587332158218,0.4748196031220053,0
-24.322807183821038,4.302987929832288,0.4255228185567026,0
0.1634833331520278,-23.3788167174704,-0.7743931661028695,1
-25.478027843094218,-11.671334544193977,0.5031537379592081,0
-19.072592187088304,5.160733367001655,0.4369837116541668,0
-18.637902088717198,21.15462751958528,0.3570828312165673,0
20.82475391634997,-2.928883170544968,-0.1097133221820454,1
-23.788824641243966,-8.716149105656417,0.4932372206750795,0
-11.179995851734256,0.9378571177983972,-0.9320351810172148,1
-24.49187451686603,-0.7012667394168951,-0.9638141611788494,1
-6.321964840608859,-4.18881741741944,0.5228678756797581,0
-24.38846162609496,-3.701749141407745,-0.2403046941593869,0
179.05918678806418,-5.229941576687753,-0.3276258536297126,1
-13.912122603578975,-17.987635828129104,0.5700673642013712,0
-32.23074150079066,-0.483991616624399,0.4260066230388248,0
-19.37144162971844,-5.835068862899588,0.4919155669550163,0
-19.37144162971844,-5.835068862899588,0.4919155669550163,0
-16.12317570585561,-0.4213411712672515,0.4742122353212276,0
2.6765182314064995,18.571284333005856,-0.2718652211948798,0
480.099636505228,-7.401256691581274,1.2965520952259222,1
-24.337892995282072,-0.6983840410877897,0.4508722700156491,0
-24.337892995282072,-0.6983840410877897,0.4508722700156491,0
-2.2394430424545178,-1.3020370187012742,-0.1874542136559418,0
46.80712897448874,5.371963708491046,0.6343725363399463,0
229.86026363405009,-14.612695457046325,-0.1269468668950856,1
-16.245432296022482,-4.919623901681396,0.4966843579443025,0
-24.224686889733118,2.2962143670859394,-0.2719547600500051,0
39.88377980772093,39.57213761274691,0.4398617529163079,0
-12.31432863857152,-13.029254754350909,0.5497040799273085,0
-19.177005406696225,1.15507885539397,-0.957228977189179,1
20.604896239935638,-10.922366360743302,0.6381746903763862,0
-24.402134100976685,2.304429978689319,0.4354316979983653,0
-9.887114872846816,-25.106526314548887,-0.7958978012631248,1
-20.355590984053347,-22.817790109583456,-0.1327806627934515,0
-22.598451998532354,4.256149492663241,0.4309552308562824,0
-24.473733651023046,-5.696475963770173,0.475841295152399,0
33.29258306122406,17.736268482679325,-0.8833577925637117,1
-18.47615407947348,-28.200740351491746,-0.0997865023416477,0
-24.437855614719098,-0.6956687693678452,0.4505573475634996,0
-21.006721577014783,-10.792431709782798,0.512160755309523,0
-24.02074184922102,5.295139317138916,0.4213950502727639,0
54.37702427296141,2.158209294844072,-0.7407423899413087,1
-17.736161682422104,-0.8777060160163752,0.4716703786005098,0
-24.75521916097613,12.31758427230374,0.3835253823989309,0
-25.219076238406068,-8.680695002187926,-0.2192141351712121,0
87.94600617780924,4.247448422272039,-0.6502247835532589,1
-24.78466541334034,-12.690524607287816,0.5104175040216521,0
46.32754356917658,20.383270581003167,-0.8575306115288662,1
7.3544557962710675,-1.559239217722486,0.5507159140900473,0
-24.413971488794687,1.8009036990527796,-0.2683217361010735,0
-8.089768906749233,-1.139729736991035,0.5020603952329417,0
-23.762694925776707,3.287417323941135,0.4323667929904312,0
-22.842965178866105,-4.740415968165047,0.4758994761024321,0
-23.836114822004,19.29511320267724,0.3508651617285556,0
-20.94504397884937,28.216120916970933,-0.3919972018917348,0
-25.00844224646563,-0.6801699983904009,0.44875977020663,0
-8.528708315437104,24.874392912274946,-1.045588052630623,1
-24.75531980590321,-10.690609020284876,0.5003511633539148,0
-24.48363849442126,-0.6944251749201105,0.4504131130804151,0
-20.381012437445456,-23.82112558148824,-0.8340371943792152,1
-24.49613382185089,-0.6940857659551173,0.4503737477738965,0
179.43954062413889,8.764715806822919,-0.3975391240126121,1
-25.407506478687345,-15.681740781311564,-0.890507836592876,1
24.45336144066806,-13.034679700355872,-0.7537436328878271,1
-2.2147875385351,-0.2989547480713214,0.5154895536563403,0
-8.789507242808403,-1.1207228349514229,0.4998559380678946,0
-25.264881223925016,-3.6742734264899273,0.4631900709974181,0
-25.064955985050965,-3.679703969929816,0.4638199159017172,0
-25.005165479527264,-10.690887773034552,-0.914637278472195,1
-3.659991212721145,-21.267182195787814,0.617603887774381,0
-12.39445946539533,-28.03581904158135,-0.082302919032588,0
47.42867945400029,15.358644102836005,0.5855367146489703,0
-24.48363849442126,-0.6944251749201105,0.4504131130804151,0
-6.566478020942609,-13.185382878247731,0.5678121209259078,0
37.295006995416,-2.376180185214213,-0.0612151481042758,1
-1.5464157636404787,-1.3174659932351729,0.5226745891057469,0
-24.419397388726654,-3.6972391946972194,0.465853685097699,0
-18.936751531347333,10.15882528968404,0.4120146865174169,0
-5.736443922628748,19.79676525037194,-1.0113943190255088,1
-23.464923668786074,2.271907374265298,-0.9758170397084688,1
-24.9499075541529,1.3189527292703145,0.4387853868949202,0
-8.03368596669676,0.8557899447136161,-0.2141775514348721,0
-19.072592187088304,5.160733367001655,0.4369837116541668,0
-5.904790200142274,1.7949237370377786,-0.9204955573067136,1
87.2650562213483,-20.73929410377157,0.1808706787436038,1
-24.46400952103601,-28.288182094806427,-0.1173808061642743,0
-25.283004298977616,-1.6764640897204923,-0.254971303236026,0
-24.37714344611743,2.3037511607593326,0.4355104286114026,0
-31.931892058160525,10.511810613276843,0.3710747677379752,0
-24.72858247328786,-10.695004925583165,-0.2058204426461616,0
-18.936751531347333,10.15882528968404,0.4120146865174169,0
20.98950938099521,3.06511004930559,-0.8459264889592589,1
-24.400526154991734,-2.697395442607988,0.4608337415068207,0
-7.790919464119095,9.856072492910208,0.4471285399320919,0
-21.544489541865723,6.228233544536747,0.424116845323078,0
-1.563384479365424,-23.328514394207875,-0.0718880060628174,0
-24.115830308239705,1.7964749712612471,0.438873367868489,0
-32.23074150079066,-0.483991616624399,0.4260066230388248,0
-24.44279788839135,-5.700985910480696,-0.230317084104687,0
4.841130514369361,1.5100989591932676,0.5275597419950993,0
-25.375630579879665,14.33514912548632,0.3714120457922214,0
-4.830197038528308,-19.23468334814554,0.603758477680849,0
61.89060212536883,20.960889580641,-0.8135801138104893,1
-23.59613509597783,-1.722284299994558,-0.2496569868560023,0
-31.95906018930872,9.51219222874037,0.3760685727653251,0
-19.783313552185184,-1.8295211216857503,-0.9439009049809144,1
6.735551678425408,-27.551693078425828,0.6808304019467771,0
-25.28333944991746,-0.672703001160553,0.4478937334632187,0
24.243940051111867,-2.0180060969808964,0.6039245817603311,0
4.0285992071523085,-28.481916462994494,-0.0305636795240339,0
-24.48112586719248,-0.6978890610135866,-0.257524459259217,0
48.66732981285246,31.323635108198296,-0.9060326951241784,1
-18.130870962065924,-13.87868239400461,-0.8777422994797708,1
-14.22339585241622,-28.15620045806357,-0.0872013069296678,0
-25.00424381644929,-0.6802840398026384,0.4487729969496202,0
-24.515318100708853,-5.695346410734676,0.4757102874123047,0
-24.20552539899957,-10.70554301474457,0.5020832368407373,0
51.19958220612354,8.246655837128323,-0.78122898368889,1
-23.761656510095765,-7.716530721119939,0.4882434156477296,0
-24.183750636110183,-0.7025709900799443,0.4513578804368638,0
24.35512520293342,1.9770035550715332,-0.1239882106887008,1
-2.539330900765592,-1.29389120354144,-0.1883989810123905,0
-24.526048959592025,-8.696123976721825,0.4909146675904765,0
-22.06068403368142,-12.764515761656304,0.5189991408427274,0
-1.1837339080318,0.6663299458039306,-0.9005429358022597,1
-25.619055022068945,5.838732265891261,0.4138200232181774,0
-23.870329034688545,-11.715004259265848,0.5082186357571294,0
-24.303209897220583,13.30566275203045,0.3798699977932164,0
37.29326031765992,-2.3724630978459125,0.6450351885088378,0
-24.14771607724472,6.298944650667547,0.4159156348241993,0
0.7569229134274432,-1.3800312842061375,0.5299310322481767,0
56.84441015259946,-2.91059373396911,-0.7075721543056802,1
-1.6194674194178953,-25.324034075912525,0.6443499406049962,0
-23.208913806745063,45.28734169582783,0.2207768124353541,0
-17.505088280720383,-19.894422906065078,-0.1373489708448231,0
6.832772288603542,-13.556410262182084,-0.8041761794387979,1
-5.804023671037085,14.800214801405314,-0.2782647564530048,0
-23.15165858992595,-10.741234341265766,-0.908797986364438,1
133.04044793309447,12.025761066327917,-0.5538737169608258,1
-5.063286396623395,21.782862699975773,-0.3131765538841505,0
-13.08405358135808,-5.012561301874186,-0.907557355202204,1
-25.00424381644929,-0.6802840398026384,0.4487729969496202,0
-17.774529557830398,12.127968702284845,0.4055173619998906,0
-20.9252171835702,-7.793576556173368,0.497179340227473,0
-5.763612053776944,18.797146865835465,-1.0064005139981584,1
37.295006995416,-2.376180185214213,-0.0612151481042758,1
-19.34427349857025,-4.8354504783631125,0.4869217619276663,0
-18.85098783291789,13.15049946983169,-1.0171546375173786,1
-18.400530637512823,-1.8670814753877445,-0.9395445827003296,1
18.32768727833497,1.1437653598252129,0.5700478195493083,0
-22.73429265427333,-0.741942430019142,0.4559242559930323,0
-21.751125711336297,-24.780596077989912,-0.1270183672792421,0
-24.392229257578467,-2.697620810160743,0.460859880070349,0
20.824267240182653,17.07458738586372,-0.9175586060859906,1
-27.09676987319847,4.378336720060751,0.4167837205095526,0
-22.71791125964276,18.26438323477364,0.3594673482126351,0
-8.235453530919909,-1.1428378028728958,-0.9125998973980288,1
-25.35736864640731,-13.682389970826373,-0.9005086733905664,1
-22.605966965445653,-8.748278915918522,0.496963698051365,0
-24.582406175615827,-9.694949501916078,0.4958165152617989,0
-24.337892995282072,-0.6983840410877897,0.4508722700156491,0
51.661440435642845,25.240168374248423,-0.8661236691538394,1
-6.317705535623999,-4.195998390881218,-0.8913200332729876,1
-24.202052339541105,4.2997078815945935,0.4259032448788993,0
-21.879234811590184,-6.77097599218298,-0.2171614338849772,0
-21.734666459903085,-0.7690951472185887,0.4590734805145277,0
-25.264881223925016,-3.6742734264899273,0.4631900709974181,0
-2.816032469371039,9.717270637474655,-0.2434544046865815,0
-19.262769105125663,-1.836595324753682,0.4719403468456166,0
-2.4822095450321835,-10.302319566897866,-0.8487603050229056,1
-8.787760565052322,-1.124439922319724,-0.206394398545219,0
-2.293779304750906,-3.3012737877742278,-0.1774666036012418,0
-24.37496596982848,3.304048363225796,0.4304378929710152,0
