Feature_0,Feature_1,Feature_2,Feature_3,Survived
-0.701606911000656,-0.7018358651190141,0.4978730552774923,-0.19348641898329266,0
1.260987048308069,1.4599760935590893,-0.4278932973332663,0.14713711205051322,1
1.4447401558410766,-0.8434277473201369,0.028312220058126104,-0.39304056403138404,1
1.2564747237265883,1.602149778192218,-0.18077428922864497,-0.2993999724064851,1
-0.6398099931334885,-0.8807137738204089,-0.5599791750050771,-0.11274480073541528,0
-0.6654061420961827,-0.8118918744783946,-0.12875155499899515,-0.12820567098731642,0
-0.7794680666652711,1.438352671785729,-1.5824685786245556,-0.004017904720948232,0
-0.8048336441205197,-0.5110363221422719,2.1228291634701573,0.040234638823849436,0
1.4477894062975036,-0.8748272024402913,-0.0535853980981297,-0.31201791894547787,1
1.271862169366934,0.6031824910047281,1.2663319678004292,-0.4350611192658156,1
1.3346747397359848,-0.5974899633073792,1.81683583723591,-0.28887496894048603,1
1.380954429421176,1.442437389135736,-2.047698911926302,-0.8214041813375903,1
-0.7116140888807984,-0.679490624847755,0.6604657326621082,-0.18396278714730882,0
-0.6332414298118778,-1.0645642960697785,-0.8893013151559308,0.4584025547821995,0
1.3873352261558032,-0.6820523487481428,1.0046799441538088,-0.4516981668180438,0
1.4757477674809238,0.13204840606250573,-2.067206051535286,-0.57492069548792,1
-0.809193709745145,-0.5561617334510394,2.1214877285327125,0.2316169826093938,0
-0.7713060654802453,0.5724221121491763,0.13584577652040036,-0.5317753051959725,1
1.4632180021044945,-0.9669789649614355,-0.3801816258095799,-0.12977612794302706,0
1.4628267451630135,-0.8891270052681115,-0.27254241977322485,-0.39211959294764204,1
-0.7529721609790001,0.4284380944902242,-0.2976161741778228,-0.19754277280994534,0
-0.7507180009290118,0.5147263061211934,-0.2140868878877813,-0.5113552931312447,1
1.3920273818369726,-0.6964482125486842,0.9232877886802547,-0.4427898153227825,1
-0.8950661919917138,1.878861766759411,0.5356958736504003,-0.5164678306743549,1
1.3514528977189852,-0.6756741497591997,1.4906548211311217,-0.16587136253560553,0
1.4894756014180832,-1.1359286221295593,-0.9519534473451613,0.2217360910693524,1
-0.6647381583775677,-0.8049784372402452,-0.12854604050106347,-0.1575263970234297,0
-1.061367895353426,0.7243122930691378,1.2300527004533683,4.849432832287372,0
1.4624724153578421,-0.8927942157126079,-0.27265143427460076,-0.3765665085619895,1
-0.6651014791255179,-0.8087387013279373,-0.1286578211912545,-0.14157866084810755,0
-0.8334095212936069,1.7614906512649107,-0.4393637430839234,-0.6444377308338471,0
1.1805008599924074,1.1495769794774942,0.2349539249241386,1.896437325211545,1
1.4625423930570598,-0.892069966875205,-0.2726299046604495,-0.37963813574423705,1
-0.5961818723540184,0.0994643578704533,-2.81728609621004,-0.4188590992782769,0
-0.920344173451809,1.6172420094787614,0.5279187504605267,0.5930932985612207,0
-0.8369858164337259,1.5985604153048514,-0.6061355651993661,-0.057723340773380774,0
-0.6647404331944153,-0.8050019809331019,-0.12854674038016126,-0.15742654536580253,1
-0.706827149164311,-0.692905501445932,0.5791027388176292,-0.17921492138651593,0
1.4009877857901596,-0.7925855691851355,0.6775372941686473,-0.19149838283333478,0
1.3855004780435773,-0.7010414581653416,1.0041154583338592,-0.37116305010083483,1
1.5109177961305118,-1.0399247634869853,-1.1110279824792435,-0.2897204268749923,0
1.3390053401244806,0.4796367450296166,0.2101245867079874,-0.5889899158053111,0
-0.6651014791255179,-0.8087387013279373,-0.1286578211912545,-0.14157866084810755,0
1.2129726176738422,0.6862341729007214,2.159407164706582,-0.21368459105421964,1
1.4112563841617658,-0.7492668727679367,0.5978608089844029,-0.4273644829091552,1
-0.6651849974012095,-0.8096030911942493,-0.1286835167524165,-0.13791267856093603,0
-0.6692200891904589,-0.8513651178091958,-0.1299249689616042,0.03920514270643109,0
1.4625423930570598,-0.892069966875205,-0.2726299046604495,-0.37963813574423705,1
-0.6725668863963826,-0.8860034956426288,-0.13095465775234416,0.1861107052802989,0
1.4010961104019515,-0.7914644409538617,0.6775706217447329,-0.19625322367272716,0
-0.7909799047229701,-0.6824457011560678,1.7129126466982982,0.5064713432437697,0
-0.706691743399571,-0.6915040911568399,0.5791443982877361,-0.18515847243575642,0
1.3106937601726407,1.281884689805675,-1.3237937228555579,0.328835574055471,1
1.345871104262657,0.4247787860514195,0.04656540961688994,-0.4606231632989151,1
-0.7322911677844881,1.234078439319148,-2.479147336358749,0.2887251102471795,0
-0.8869326182440234,1.8560683131983322,0.39745057499170783,-0.5084006481743253,1
1.3159707439446335,0.6189852367605488,0.7000522475193542,-0.8671062544381698,1
-0.670480537083862,-0.7889159656711117,-0.03098293864370832,-0.1631197949854356,0
1.2300367107137822,0.7369259523840207,1.9989856455936375,-0.5329670842132611,1
-0.7757386021697675,-0.7765358943890843,1.386258795607796,0.69693425405753,0
-0.7015956452410296,-0.7017192677829616,0.4978765213454052,-0.1939809224305895,0
1.256265882590035,1.4111134012913709,-0.4293458297455921,0.3543697177741722,1
-0.8396725830650198,1.3818782301136179,-0.8554694740192706,0.7048133336083778,0
-0.7989563420649449,-0.5761245762308417,1.9589658722472791,0.21198931398970108,0
-0.8827192241437642,1.899675716881955,0.39874688439113243,-0.6933449374633323,0
-0.6690824086088715,-0.8499401638272468,-0.12988260961239942,0.033161739999563324,1
1.354266261676532,0.5116662239751335,0.049148296763522115,-0.8291233283518266,1
-0.7164596863745708,-0.6666828391868128,0.7418106796241368,-0.18613590659357074,0
1.401657698392691,-0.7226938579365445,0.7605791646584372,-0.4357713558785201,1
-0.6832241947054871,-0.7634133396450924,0.17218570389347196,-0.14091389251191214,0
-0.7589378227145871,0.5555701622084689,-0.050944305497753556,-0.5802865351452355,0
1.3757609999532503,-0.9277588454078353,0.8354474471132396,0.48608038693728217,0
-0.8457164123104072,0.34997841193719087,0.8335504403245592,0.8652618058946505,0
-0.686361112976064,-0.7958795315304327,0.1712205872813978,-0.003220834064367186,0
-0.6804101746726992,-1.112038914359082,-0.3239630988992732,1.0247719436673892,1
-0.6874627410747778,-0.7443227513760923,0.25371741859188424,-0.1697331400221292,0
-0.6651014791255179,-0.8087387013279373,-0.1286578211912545,-0.14157866084810755,0
-0.6651849974012095,-0.8096030911942493,-0.1286835167524165,-0.13791267856093603,0
-0.9181667602682508,0.8700075043808241,2.4820574118467422,-0.2884547332653527,1
1.4614235297887597,-0.9225929209743219,-0.29789795767573685,-0.2658764718920351,1
-0.7025547513538354,-0.7116457371426592,0.49758143898674356,-0.1518815616386091,0
-0.669316984867904,-0.808352693908082,-0.07204283686482346,-0.10675939921457774,1
1.4625220821923486,-0.8922801784185689,-0.27263615358096555,-0.37874660308685093,1
-0.901349019475646,1.8138363293455346,0.5337628742374368,-0.2406870619895953,0
1.296822985078684,0.6726447431532566,1.0255042228972704,-0.8860977174813415,1
1.4739563711142325,-0.9817565896715967,-0.5425493420556181,-0.1713949354449096,1
-0.745020074773861,-0.7733996218964518,0.9815309658377602,0.42290167529454503,0
-0.6651849974012095,-0.8096030911942493,-0.1286835167524165,-0.13791267856093603,0
1.0853447670531047,0.5865042186485638,0.7606043458032907,4.633831099406331,1
-0.692466330014849,-0.7331501312404628,0.3350137572841921,-0.16497132410413723,0
-0.6685316314324126,-0.8002245142313474,-0.07180121193820302,-0.1412319953001727,0
-0.7115080390858539,-0.6783930403093381,0.6604983603590959,-0.188617776329074,0
-0.8228074491337318,1.4934691513024616,-0.9331164431302079,0.1793964457769175,0
-0.6896762793953444,-0.8301905399203339,0.17020063014287481,0.142296314984398,0
-0.5244901414906252,-1.1981862992515604,-2.512557716968231,-0.017815385833955342,0
-0.6651849974012095,-0.8096030911942493,-0.1286835167524165,-0.13791267856093603,0
-0.6887696793994911,1.3067633243278594,-2.9627719193429316,-0.33241782487005056,0
-0.9340895882375667,1.7897725167238312,0.9378685948084713,0.12210175330190798,1
1.3714306720219727,0.3745213265296408,-0.35974964596422154,-0.5082064470858367,1
-0.7577591006954875,0.44185297108840116,-0.21625318033334376,-0.20229063857073823,0
1.4543298506673732,-0.8700938157947248,-0.13440890180472345,-0.38423903927234954,0
-0.6651014791255179,-0.8087387013279373,-0.1286578211912545,-0.14157866084810755,0
-0.9512078435834023,1.738520173124895,1.098273450133373,0.4437616668806456,0
-0.6497111212186867,-0.8572709490107331,-0.39735386992347366,-0.10787615808119665,0
-0.6301684108181439,-0.9068428218722169,-0.7226843329589817,-0.10622084473844973,0
-0.6732350528732082,-0.7859452477668585,0.009587477467437969,-0.1496458433481371,0
1.4209544035998543,-0.7748118130112508,0.43517301469763886,-0.4233177989895131,1
-0.6650360510599955,-0.808061539876248,-0.1286376913352988,-0.14445058471510064,1
-0.625365655708335,-0.9200940137486279,-0.8040424609773523,-0.10216718574020811,0
1.453659774890121,-0.9840024818396507,-0.2753627658994668,0.010258813085940281,1
-0.8130511178512894,1.531486032313967,-1.012950534421761,-0.03398401196941618,0
1.386153983824913,-0.7257570186792642,0.9628986372207451,-0.2924144862376979,0
-0.7020402094478237,-0.706320378044109,0.4977397449731501,-0.174467055625723,0
1.4149894337301294,-0.7735892059281756,0.5161735711521872,-0.37635677062191353,0
1.3981191124615895,-0.7593171933034477,0.7594904693942378,-0.2804473475985081,0
-0.706759446281941,-0.6922047963013859,0.5791235685526827,-0.18218669691113618,0
-0.469711146280501,-1.3552602007087795,-3.448315465119954,0.048672172513644064,0
-0.7789856839831257,0.5369555598611291,0.19139497829119073,-0.3449009883595129,0
-1.0290493051167406,0.7440087506659144,0.8258171523096924,4.505166499485721,0
1.3172067042186726,-0.6523624299650983,1.9771330778176315,0.04813832570864977,0
-0.8457164123104072,0.34997841193719087,0.8335504403245592,0.8652618058946505,0
-0.6651849974012095,-0.8096030911942493,-0.1286835167524165,-0.13791267856093603,0
-0.7671443494186314,0.43915584196632107,-0.09488703905027107,-0.1126324067669346,0
1.3696664930368383,0.4507000529905926,-0.23603877639322415,-0.7530702876966464,1
-0.793238832939321,1.2958292453850562,-1.5867053467344345,0.6004412369868114,0
-0.7516383049299783,-0.5900631369411214,1.3108378252949786,-0.14606558569820827,1
-0.6650225104835216,-0.8079213988473387,-0.1286335253882881,-0.14504493982002464,0
-0.691974373790396,-0.7280585273781331,0.3351651144709847,-0.18656543377623785,1
1.454630200924859,-0.9739588545797849,-0.27506420080910415,-0.03233742857375656,1
-0.5913583511802338,-1.008836475559082,-1.3734299777284074,-0.09082341263922045,0
-0.6493003542907716,-0.8530196307577431,-0.3972274917549571,-0.1259065145441726,0
-0.7110724658218386,-0.6738849836913864,0.660632370542536,-0.20773699134427084,0
1.5417047182746506,-1.1619972464849762,-1.6814062947397466,-0.13701999045970772,0
1.345871104262657,0.4247787860514195,0.04656540961688994,-0.4606231632989151,1
-0.7938004583773975,0.6354601955047858,0.5181800567125299,-0.5540860849783809,0
-0.8044823902643919,0.6508219280234409,0.6805651366257086,-0.5149445495538216,0
1.1944082313479953,1.9671126009610396,1.1255022903310898,-1.0129115262678432,1
-0.8615163003810181,1.6594685930237303,-0.1995038976454416,-0.055311044960687006,0
-0.7313937593696358,-0.6323712199921827,0.985723291624929,-0.17521688615388484,0
-0.9378828785342008,1.687554754618809,0.853865773653618,0.5034734296897143,0
1.4584824949317097,-0.9340887318551131,-0.27387898888456086,-0.20143145592464903,0
1.4256871810104454,-0.7887872537250646,0.35379335706511705,-0.416192512809024,1
1.4308739136658466,-0.8610227002880045,0.18971760254469316,-0.21412572729204568,1
-0.715696918620638,-0.6587884147462989,0.7420453557511435,-0.21961711836415237,0
-0.8264966018043691,0.7377727934265773,1.0879709704445246,-0.6229824515993742,0
-0.8353856443266137,0.5828154776300922,1.0024003701192417,-0.017935929865289926,0
-0.6779678302837995,-0.7719698070530447,0.09096713509995978,-0.1567711295286263,1
1.3490362507513092,-0.7636440537370796,1.4070755434769522,0.15507341904478242,0
-0.7457917514042691,0.40831577959295884,-0.41966066494454135,-0.190420974168756,0
-0.7124224831971132,0.4074072933357781,-0.8649908386436135,-0.47337236704490143,0
-0.6690827547957215,0.2893360835014608,-1.5971786302507216,-0.44193432219132234,0
1.1869325961162975,1.7008670183575414,0.8746950193638059,-0.04017047063780551,1
-0.5416777289454986,-1.1557187440830363,-2.2279205488168974,-0.015413552639160793,0
-0.6169752934230983,-0.9906519805689599,-1.0085504554784717,0.06671207801935071,0
-0.6647855503952266,-0.8054689308414275,-0.1285606213156009,-0.15544615415619553,0
-0.7989833499799348,1.4252500963874462,-1.3399654398077863,0.20799046707790164,0
1.3969745878166062,-0.7082043799286918,0.8419741029845943,-0.4450767365838707,1
-0.6637446917159251,-0.8136393908295244,-0.15316420578268206,-0.13648412953937977,0
-0.6655167415248222,-0.8130365464025251,-0.12878558245417854,-0.12335097849029675,0
-0.6984948155272295,-1.1543500223109207,-0.13893174639873124,1.3242008795522289,0
-0.601087601309728,-1.0465730745127688,-1.2935875545428328,0.12136833489726519,0
1.4040790774983543,0.33467296532425184,-0.8467194843979935,-0.652082232949054,1
-0.6827435042406605,-0.7584383331188153,0.1723335950123517,-0.16201349873671603,0
-0.726306652153873,-0.6426794502615001,0.9044526484937832,-0.18364468435904824,0
-0.8197015430218939,-0.6019564415670063,2.2010906097651723,0.4779841486790124,0
-0.7710271734226807,-0.6018573556935076,1.5533798573930395,0.0603938868410706,1
1.2300706356468443,1.6626097426212774,0.25020475705120276,-0.279396862257778,1
1.5248730898516163,-1.210283084783962,-1.5209132546485222,0.17205861425799765,0
-0.8817465774544845,1.9097423272705618,0.39904613269680483,-0.7360386533602368,0
-0.6995579335386485,-1.0583794079663744,0.001488876478642885,1.0057804806242177,0
-0.736013935229713,1.4473821213323095,-2.1489496474565515,-0.4073366689621132,0
-0.7996198303121704,-0.5829914866473933,1.9587617408437548,0.2411127141309796,0
1.3233289736688336,-0.5260404108876912,2.061852441858325,-0.4354624287260933,1
-0.706759446281941,-0.6922047963013859,0.5791235685526827,-0.18218669691113618,0
-0.7584298144302148,1.530175843253883,-1.7416673922898604,-0.4977436211751987,0
-0.7210819185188285,-0.6515632871129843,0.823224348048054,-0.19811350785065981,0
-0.6746182837321923,-0.907234861522375,-0.13158579872446474,0.27615550367629255,0
1.3414876518242773,1.5376342029205043,-1.3971553155868952,-0.8079753908480032,0
-0.769865759794961,0.5683858125139012,0.1113650874901348,-0.5303467561744163,0
-0.6306629877923758,-0.8490032391098186,-0.6400007339121117,-0.2993792787601668,0
1.4290700880133516,-1.238498590338787,-0.2829281256708926,1.0896076836280166,0
-0.7724163927511125,0.5609305477786205,0.13550416886552322,-0.4830381865922003,0
-0.7769105539006301,-0.662748632754562,1.5515697534168917,0.31864117993057073,0
-0.9227692111060446,0.8116705637954476,2.466559324088901,-0.04990555411639756,1
1.3317905969470245,-0.6273400024650422,1.8159484905226315,-0.16227733159166322,1
-0.8947861525989387,1.7747865164309868,0.39503432572550357,-0.16367468731837584,0
1.458344814350122,-0.935513685837062,-0.2739213482337656,-0.19538805321778127,1
-0.8088406904337403,1.7009793529399024,-0.8459836126759135,-0.6485332403036858,1
-0.6199103863403016,-0.98955018342624,-0.9680355964366599,0.08811234933591634,0
-0.6349395351413096,-0.893264260552274,-0.6413164732883943,-0.1116629172617939,0
1.3672730231785948,0.45740749128968106,-0.19535727947098466,-0.7554442205770427,1
-0.8225220966763215,0.7159494550938473,1.0063580197794038,-0.5825732795431382,0
1.4112699247382399,-0.7491267317390274,0.5978649749314137,-0.4279588380140793,1
-0.9061542319065942,0.8577141456318861,2.305999628845506,-0.3494744771553182,1
1.3133031411129235,1.6236825768443366,-0.9088120977340008,-0.8600394637148877,1
1.3159754777393364,0.7699241350932654,-2.0676905917515396,2.0308061155353023,1
-0.6650225104835216,-0.8079213988473387,-0.1286335253882881,-0.14504493982002464,0
-0.6064932580055609,-0.9766034281052334,-1.129579155053678,-0.07108891728330106,0
1.4625423930570598,-0.892069966875205,-0.2726299046604495,-0.37963813574423705,1
1.3289775054466961,0.5647265040750965,0.45554667128484755,-0.7934271466633861,0
-0.6741039245843913,-0.7949378173099051,0.009320156979655561,-0.11150726497537064,0
-0.6984948155272295,-1.1543500223109207,-0.13893174639873124,1.3242008795522289,0
-0.6437551422917408,-0.8585866097370038,-0.4783571925668372,-0.1544425346591266,0
-0.58910028708673,-1.0169453241472628,-1.4141531341207538,-0.08250592870958345,0
-0.7211879683137729,-0.6526608716514012,0.8231917203510662,-0.19345851866889463,1
1.328479234133271,-0.535695023398176,1.9806012287040367,-0.4466622991406225,0
-0.6583954721428359,-0.8841931450455536,-0.3171899689389776,0.05845039471850989,0
-0.688708128177454,-0.820170456353325,0.17049849535413963,0.09979992498232841,1
1.3969655427115217,-0.708297994136003,0.8419713201319913,-0.44467970737378143,1
-0.8351856116285474,1.7431086327849465,-0.43991018202142246,-0.5664773604311693,1
-0.6919247069558893,-0.7275444900840942,0.3351803951646199,-0.18874552830109925,0
1.3773008578563792,0.3723177322442011,-0.44077936404784474,-0.5510069897189679,1
-0.701606911000656,-0.7018358651190141,0.4978730552774923,-0.19348641898329266,0
-0.769865759794961,0.5683858125139012,0.1113650874901348,-0.5303467561744163,0
-0.6650225104835216,-0.8079213988473387,-0.1286335253882881,-0.14504493982002464,0
1.2047347972877405,1.318489828000443,0.1346502516945233,1.1122213021025338,1
1.449527095557564,-0.8568426239183138,-0.05305077378635292,-0.38829269827059115,1
-0.7200052060225486,0.3289283171466171,-0.8673237689696038,-0.140533508287433,0
1.2295527450806512,1.5123900599805942,0.059450076573272774,0.2377206417858207,1
-0.7685117021475617,0.5823999154048228,0.11178168219120449,-0.5897822666668213,0
-0.7307618477467476,-0.6258311184550474,0.9859177080400241,-0.2029542501904804,1
-0.7842265789444229,0.608630442308432,0.35545406902357185,-0.544590353456795,0
-0.5632189576696915,-1.09535179939124,-1.8617870765167417,-0.03677894856272889,0
-0.6651014791255179,-0.8087387013279373,-0.1286578211912545,-0.14157866084810755,0
-0.876715251540143,1.4392055577555507,-0.28701582927770947,0.8267049556680048,1
-0.7027443194244712,-0.7136077115473882,0.49752311572859387,-0.14356059016967235,0
-0.8211680390289222,0.729963557984769,1.0067746144804737,-0.6420087900355432,1
-0.7087873205753868,-0.6817135502217486,0.6199175460442109,-0.200608217624482,0
-0.8273090363928087,0.7293643316920244,1.0877210136238828,-0.5873211453039311,0
1.4529466198083887,-0.9913834295502413,-0.27558217799662615,0.04156230775208021,0
1.240022923310688,1.431878428067521,-0.18583591484664191,0.4227414800762365,1
-0.6683826850911986,-0.7986829629133461,-0.07175538652108536,-0.14776990145433727,0
-0.6313153195463086,0.1765515705885859,-2.248245052939971,-0.38077154701294114,0
1.3315065907740016,-0.6932376943897206,1.7330253495226464,0.06505652096318672,1
-0.7972333404464856,0.6628891749938843,0.5999596452580787,-0.6182694612315788,0
1.4626507176688515,-0.8909488386439314,-0.2725965770843639,-0.38439297658362936,0
-0.7098897035306143,0.3077042051066318,-1.0298831187781339,-0.15481198096280924,0
1.2452099644516834,0.7050897843240429,1.7551466208808424,-0.5543847932263255,1
-0.8211680390289222,0.729963557984769,1.0067746144804737,-0.6420087900355432,0
-0.7551122639277533,0.5322052725577376,-0.1326030815799921,-0.5333394569348351,0
1.458911243745182,-0.9296513063157317,-0.2737470783384141,-0.22025111596696417,0
1.458344814350122,-0.935513685837062,-0.2739213482337656,-0.19538805321778127,1
-0.7732986418640492,0.5958147920029997,0.1931446760356835,-0.5945301324276142,0
-0.701539208118286,-0.7011351599744681,0.49789388501254583,-0.19645819450791294,0
-0.6632978526922834,-0.8090147368755203,-0.15302672953132904,-0.15609784800187343,0
-0.847993613241219,1.3587162981664893,-0.7751937923445836,0.8551921502327623,0
1.4400344595834333,-0.8291720245485047,0.1097002095846693,-0.40135456042172124,0
1.3281650708582566,0.5563180423405435,0.4552967144642057,-0.757765840367943,1
-0.8612206825154379,1.6625281519668764,-0.19941294669030404,-0.06828700561138888,1
-0.6620203063657412,0.17355543912486254,-1.8435130572229241,-0.10733332335488023,0
-0.6647516989540417,-0.8051185782691545,-0.12855020644807416,-0.15693204191850565,0
1.4577266064784284,-0.8978966915489531,-0.2161996050968967,-0.3184699235992142,0
-0.727462715253456,1.4729264507708946,-2.229154508032057,-0.5678195223702064,0
-0.6681047573405504,-0.858764802138292,-0.1545056407201265,0.0548982142461646,0
1.5098890582514195,-1.1135302120016706,-1.1941802505648167,-0.029697043549319607,0
1.4551358609005067,-0.9247101548922112,-0.21699668407034742,-0.2047507726638857,1
1.21696335762002,1.5269532266371564,0.24617212034484798,0.29593887930870333,1
1.2144498149748986,1.4819957465603903,0.22047497478745887,0.4709191189680823,1
1.0077455996589837,-0.9721243255340273,-0.25729926974723705,10.618408801601033,1
1.4463968383088908,0.143066377489704,-1.6620574611171695,-0.36091798232226424,1
-0.6650225104835216,-0.8079213988473387,-0.1286335253882881,-0.14504493982002464,0
-0.8056321921995541,-0.5822593731655004,2.039747716483766,0.2901539853658133,1
-0.8040922968490879,1.309415671349489,-1.4243730410379871,0.6471120628805487,0
-0.8183952968007975,1.9168835086323743,-0.43474440772815814,-1.3034776905369923,0
1.4625423930570598,-0.892069966875205,-0.2726299046604495,-0.37963813574423705,0
-0.7397900638486379,0.5019106558157612,-0.3763962808756697,-0.561295072102064,0
-0.7478974472745843,-0.8031795905396603,0.980645702097987,0.5492021350909059,0
-0.6875304439571478,-0.7450234565206383,0.2536965888568307,-0.16676136449750892,1
1.3122156929509559,0.7310114558781012,-2.0688473419261055,2.1958395088093536,1
1.2117727853145517,1.1394977149412984,-0.1945274634053635,1.6627635548426412,1
-0.8844953144787049,1.881293698401991,0.3982004454536333,-0.6153845670606544,0
-0.6833193246737364,-0.7014395965298722,0.25499219837715753,-0.3516058021288887,1
1.4068349307437427,0.3002369343896925,-0.928707370294077,-0.5581811014496535,1
-0.8488423208013618,1.7906405960827565,-0.19560457124342914,-0.6116274231695986,0
1.4625423930570598,-0.892069966875205,-0.2726299046604495,-0.37963813574423705,1
1.3770452073016959,1.0871865238859055,-2.4630804512970976,0.4245265690850573,1
1.535786794489654,-1.0973294154831341,-1.5175555013579003,-0.30699160031078726,0
-0.7642649657137695,0.6452954471819686,0.13801206896596285,-0.840839959756479,0
-0.7852590111627085,-0.623236116441924,1.7146727593103177,0.2553563114133583,0
1.4811471090877846,-1.0332511639559725,-0.7060085364184587,-0.057292705456690886,1
-0.4960393147211812,-1.2814783794188065,-3.0008189989753196,0.022558910829283067,0
-0.6732125213539555,-0.7857120530947536,0.00959440960326377,-0.15063485024273077,0
-0.731547201182239,-0.6339592981317819,0.9856760831134038,-0.1684816541048855,0
-0.7164010285972856,-0.6660757482495782,0.7418287265065873,-0.1887106529081017,1
-0.8817871991839064,1.9093219041838343,0.39903363485577276,-0.7342555880454646,0
-0.6497156166900759,-0.8573174758323309,-0.3973552530178812,-0.10767883218636182,0
-0.6645300451514166,-0.8217675705062589,-0.15340583070930247,-0.10201153345378483,1
-0.7019566911721321,-0.705455988177797,0.497765440534312,-0.17813303791289453,0
-0.7124224831971132,0.4074072933357781,-0.8649908386436135,-0.47337236704490143,1
1.4256871810104454,-0.7887872537250646,0.35379335706511705,-0.416192512809024,1
1.1994454725099908,1.578538407799318,0.5472017299506483,0.27005499381815096,1
1.15931327778195,1.6038900371570932,1.1147048388946728,0.5275594314580889,1
-0.741076418613667,0.4885972580693857,-0.37679204584168585,-0.5048313371342791,0
1.4346652750785645,-0.8217832121934241,0.19088406770768837,-0.3805451566707799,0
-0.6923828117391574,-0.7322857413741508,0.335039452845354,-0.16863730639130875,0
-0.8827192241437642,1.899675716881955,0.39874688439113243,-0.6933449374633323,0
-0.6944152356662986,-0.7218415826802269,0.3758320305786868,-0.18685912378940014,0
1.0451829229279268,1.4929653340875642,2.487799008311038,1.8844908606782618,0
-0.884224502949225,1.8840965189801753,0.3982837643938473,-0.6272716691591355,1
1.2229760310525106,0.31107339108544796,-1.4336170669189234,4.394017813342125,1
1.4625423930570598,-0.892069966875205,-0.2726299046604495,-0.37963813574423705,1
-0.6734176678973965,-0.8948088367710526,-0.13121641253492028,0.22345522523288686,1
-0.7120409629726602,-0.6209503369408106,0.7431701614440317,-0.3800929966936461,0
1.3566108930486598,0.49191721087294954,-0.0080422881294829,-0.7818217338482102,1
-0.6651849974012095,-0.8096030911942493,-0.1286835167524165,-0.13791267856093603,0
-1.0875518755064604,1.5916019688414613,2.7196674209352363,2.1139563615808177,1
1.1998029517560829,1.3493480161875817,0.24089248238788724,1.0491841231423107,1
1.140087242139867,1.5308227804340329,1.2744612062441016,0.9417390380897241,1
-0.7758236134435174,0.5067237597938461,0.10953207080542808,-0.2688305100078339,0
1.2304660421267835,1.647759040067136,0.2254025902220157,-0.23210311849944257,1
1.1875381184521,1.5812173772016886,0.7092097916593588,0.3629856662383368,1
1.0617485828825177,0.6570821273621791,1.1675234637009533,4.595232892979265,1
1.331510285113195,0.4650234158459503,0.290654391150327,-0.4748667605812938,0
-0.6732350528732082,-0.7859452477668585,0.009587477467437969,-0.1496458433481371,0
-0.7148120490118416,0.31971767141571655,-0.9485617844037618,-0.15361629567436164,0
1.444778502753651,-0.843030867926266,0.0283240180200604,-0.39472377768852895,1
1.3219364056802205,0.4918531690423042,0.45338037883928506,-0.48436249210287957,1
-0.655520829658225,0.24082313300128624,-1.8415134026577895,-0.39262377371842466,0
1.1767915429168105,1.029285271153419,0.1260531201588521,2.33877291277094,1
1.2363213053097073,1.0787762050729262,-0.6011535819178696,1.6595595780301886,1
-0.701606911000656,-0.7018358651190141,0.4978730552774923,-0.19348641898329266,0
-0.6780219925896955,-0.7725303711686816,0.090950471311917,-0.15439370910893005,0
1.358051198733944,0.4878809112376745,-0.032522977159748494,-0.780393184826654,1
1.3107376570703668,0.5018659987695522,0.6156064528869595,-0.42253561103357934,1
-0.6984948155272295,-1.1543500223109207,-0.13893174639873124,1.3242008795522289,0
1.216559725031039,1.1260828383431212,-0.27589045724984257,1.667511420603434,1
-0.514367868710454,-1.219340340777091,-2.6751149838032564,-0.03239103606179358,0
1.3864207820445438,0.4037479848969734,-0.5208092548489007,-0.7364527575338712,1
1.4618504038806213,-0.9811332088812663,-0.3806023864576603,-0.06974626234569795,1
1.1628801818840535,1.8296813892274262,1.3643095342702725,-0.2736103247437331,1
1.4541472356431846,-0.9789574047989189,-0.2752127918070817,-0.011137970691325515,1
-0.807503385540468,1.683340914385895,-0.8869900534649873,-0.5997996092392134,0
-0.9110880049193714,1.0834575558695059,-0.29759108576436394,2.3354753895177076,0
-0.7361509971833964,-0.6816072479609154,0.9842596611297667,0.0335990815692918,0
1.1874719820596658,1.2217260656728839,0.2370986877555498,1.590444297833286,1
-0.6651014791255179,-0.8087387013279373,-0.1286578211912545,-0.14157866084810755,0
-0.9071237294088723,1.6911114501981694,0.44915044172461416,0.22765778561195707,0
1.2411082450261945,1.0653613284747494,-0.6825165757623487,1.6643074437909817,1
-0.5919405959686155,-1.0148625398021784,-1.3736091134498674,-0.06526614312748628,1
-0.8136882168114294,1.6508088645904033,-0.847475021705743,-0.4357541127408755,0
-0.9109411716230815,0.8711290222300629,2.387362622689985,-0.3542223429161111,1
1.0901317067695917,0.5730893420503868,0.6792413519588117,4.638578965167124,1
-0.7794396392279357,0.595215565710255,0.2740910751790928,-0.5398424876960021,0
-0.7938004583773975,0.6354601955047858,0.5181800567125299,-0.5540860849783809,0
-0.741144121496037,0.48789655292483963,-0.37681287557673937,-0.5018595616096589,0
1.3289775054466961,0.5647265040750965,0.45554667128484755,-0.7934271466633861,1
1.4055685409104932,0.3500884785042656,-0.8462612302268168,-0.7174612944906996,1
1.4580198405147464,-0.9388770705308831,-0.27402133096202236,-0.18112353069960402,1
-0.7972438050739161,-0.49544200575624103,2.0423285206568926,-0.0780490021346362,1
-0.6066331592416901,-0.9780513652159233,-1.1296221976181924,-0.06494804033922573,0
-0.697889676825614,-0.7263218830010191,0.41618095161916835,-0.14178449993349973,0
-0.8866618067145435,1.8588711337765165,0.39753389393192184,-0.5202877502728064,0
-0.7351042232564408,-0.607815131595723,1.0674174782567585,-0.2272159827561398,0
-0.6929602151232185,-0.801220009113234,0.2520260441055412,0.0715750325770355,0
-0.6647381583775677,-0.8049784372402452,-0.12854604050106347,-0.1575263970234297,0
-0.6741039245843913,-0.7949378173099051,0.009320156979655561,-0.11150726497537064,0
1.19321542360023,1.7658924557714177,0.8766280187767693,-0.31595123932256497,1
1.3959946614775187,0.3769182317006195,-0.6835352425378587,-0.7269570260122854,0
1.4624724153578421,-0.8927942157126079,-0.27265143427460076,-0.3765665085619895,1
1.4624724153578421,-0.8927942157126079,-0.27265143427460076,-0.3765665085619895,1
-0.6266265122714015,-1.0590601337652112,-0.9701019061539657,0.3829124813782455,0
-0.7826258242377819,0.49928116677740675,0.190275038424411,-0.18511931679257046,0
1.5321556451777762,-1.1349107549236606,-1.518672675035865,-0.14760458053351438,0
-0.6392683700745289,-0.8751081326640403,-0.5598125371246493,-0.13651900493237729,0
-0.6692200891904589,-0.8513651178091958,-0.1299249689616042,0.03920514270643109,0
-0.6633113932687574,-0.8091548779044295,-0.15303089547833976,-0.15550349289694942,0
1.3641512658828143,1.1426129116242292,-2.218540164392098,0.34589529457604645,1
1.462824470346166,-0.8891505489609682,-0.27254311965232264,-0.3920197412900148,1
1.4625423930570598,-0.892069966875205,-0.2726299046604495,-0.37963813574423705,1
1.1950440932900812,1.6589020340389922,0.7115191093976926,0.03351561221557785,1
-0.9202278956960318,1.8073203823059854,0.7764618125637086,-0.0566133801221759,1
-0.7203461777555378,-0.6439485841661731,0.8234507089448272,-0.23040838683181306,0
-0.7164010285972856,-0.6660757482495782,0.7418287265065873,-0.1887106529081017,0
-0.9780223345403646,1.3980396787454645,1.0071878358450252,1.8356344958765458,0
1.3275181991365488,-0.6085997667683151,1.897469790353517,-0.18961069133957004,0
1.2153543038364625,1.5102999878898162,0.24567707252967283,0.366567285137038,1
1.4259579925399253,-0.7859844331468804,0.353876676005331,-0.428079614907505,1
-0.995178790085104,0.9056837998367073,0.587730600539572,3.6630442422301703,0
-0.7094272857802486,-0.6568578486789167,0.6611385331043357,-0.27995113659254306,0
-0.7162520822560717,-0.6645341969315768,0.7418745519237049,-0.19524855906226632,0
1.195510699682958,0.5304816833053797,-0.7793810584336315,3.8806506549741675,1
1.3208329579639237,-0.5518734475927004,2.0610845078501607,-0.3259013861048134,1
-0.6541031094005806,-0.8397684388813321,-0.31586936373658664,-0.12996017354241424,0
1.257070509091444,1.6083159834642238,-0.1805909875601743,-0.32555159702314335,1
-0.6651014791255179,-0.8087387013279373,-0.1286578211912545,-0.14157866084810755,0
-0.860077231459869,0.39022304173172173,1.0776394218579959,0.8510182086122718,0
-0.8236079993346406,-0.642387128407315,2.199888734052586,0.6494555964496009,0
1.3864207820445438,0.4037479848969734,-0.5208092548489007,-0.7364527575338712,1
-0.6650112447238951,-0.8078048015112863,-0.1286300593203752,-0.1455394432673215,0
1.2960105504902448,0.6642362814187036,1.0252542660766286,-0.8504364111858984,1
-0.9025378227419077,1.2978660762608452,-0.1292889780015879,1.53043535005528,1
-0.7066894685827234,-0.6914805474639831,0.5791450981668339,-0.18525832409338366,1
-0.6732508682665298,-0.7861089324886245,0.009582611641329475,-0.14895163658558583,0
1.1664392795558423,1.4258088407858582,0.7855542024503555,1.0742383760161904,1
1.430413534065731,-0.8657874952709179,0.18957596034632948,-0.193917653724628,1
-0.701902528866236,-0.7048954240621601,0.4977821043223548,-0.18051045833259077,0
1.4687132013360875,-0.9101052509171506,-0.3784909512023347,-0.37098444888456444,0
-0.7003158240976397,0.280874451910278,-1.192609106467092,-0.14531624944122346,0
-0.802020280162973,0.6763040515920613,0.6813226391025576,-0.6230173269923717,0
1.3483148323832814,0.5130289720871178,0.13015301916508118,-0.7827566550891512,1
-0.6205945313851694,-0.9336725750685707,-0.8854103206479398,-0.09672511321686393,1
-0.6828924505818744,-0.7599798844368166,0.17228776959523404,-0.15547559258255142,0
1.419776373446617,-0.7870040825263526,0.4348105773077083,-0.37160890486112064,0
-0.6775432310087852,-0.8305336386528459,0.008262006438938506,0.039458931675338295,0
1.41561907053617,-0.7670726480838971,0.5163672876881846,-0.40399428300088186,0
-0.7550509854006892,0.46988117687024444,-0.21541999093120434,-0.32116165955554843,0
-0.5630564707520036,-1.0936701070443295,-1.8617370851526132,-0.043911209821817516,0
-0.9022274647291365,0.8983550440155585,2.307207753478608,-0.5218374575832929,1
-0.7066782028230971,-0.6913639501279306,0.5791485642347468,-0.1857528275406805,0
1.4529466198083887,-0.9913834295502413,-0.27558217799662615,0.04156230775208021,0
-0.6651014791255179,-0.8087387013279373,-0.1286578211912545,-0.14157866084810755,0
-0.6645395452018471,-0.8029228486282048,-0.12848493439031056,-0.1662443977024557,0
1.2269149534180017,1.4221313727185694,-0.02419723932747578,0.568372430939828,1
-0.7642649657137695,0.6452954471819686,0.13801206896596285,-0.840839959756479,0
-0.5966598328027328,-1.0007469580594552,-1.2922252898703348,-0.07298578441289943,1
1.4623799061393716,-0.8937516592221156,-0.2726798960245779,-0.3725058744851484,0
1.3662852529618557,0.32126773554413873,-0.3613327058282864,-0.28235150721469743,1
1.3002558671477724,0.6452157636641581,0.9437246343517216,-0.8219143412281434,1
-0.769865759794961,0.5683858125139012,0.1113650874901348,-0.5303467561744163,0
1.359361286245659,-0.7197412495113872,1.327416421959848,-0.0832699531083615,0
-0.6651014791255179,-0.8087387013279373,-0.1286578211912545,-0.14157866084810755,0
-0.7066556171415384,-0.69113019489171,0.5791555130343606,-0.18674421185569381,0
-0.6684368473970945,-0.799243527028983,-0.07177205030912814,-0.14539248103464106,0
1.4508070259672876,-0.9065540270039777,-0.13549274790660248,-0.2296068603344691,0
-0.7277754587683699,-0.7208394822157348,0.821164987130362,0.09569523987665605,0
-0.6647516989540417,-0.8051185782691545,-0.12855020644807416,-0.15693204191850565,0
1.3410841645461697,0.43819366264959647,0.12792840346136897,-0.465371029059708,1
1.2980017070977838,0.5589275520331889,0.8601953480616802,-0.5081018209068441,1
-0.6650225104835216,-0.8079213988473387,-0.1286335253882881,-0.14504493982002464,0
-0.6541708122829506,-0.8404691440258781,-0.3158901934716401,-0.126988398017794,1
-0.8902186656140246,1.9290322551089103,0.5371872826802299,-0.7292469582371651,1
1.4580198405147464,-0.9388770705308831,-0.27402133096202236,-0.18112353069960402,1
1.408101320576992,0.25038539027511947,-1.0111535103613374,-0.3989009084086074,1
-0.7254739067007225,-0.6340607769835834,0.904708854234941,-0.22019752331187742,0
-0.8008026286317702,1.4693794020095983,-1.2576894036888668,0.07297898168111441,0
1.1197144070359522,1.5088447933928717,1.5167005073047892,1.191389107393624,1
1.4064795273491568,-0.9246225729152027,0.43071961734320374,0.21204780817429725,0
1.3258631728576782,0.5324940674259768,0.4545885034723872,-0.6567254725308544,1
-0.8459556081114967,0.12064284615117585,-2.4312820225481877,5.063086791523052,0
-0.7637247624310745,0.5689850388066459,0.03041868834672547,-0.5850344009060284,0
1.4223267339617143,0.2087393501914965,-1.2552841513648811,-0.37871376007698815,1
-0.7123994423162898,-0.6876188045244895,0.6602241077354877,-0.1494901910617139,0
-0.6875304439571478,-0.7450234565206383,0.2536965888568307,-0.16676136449750892,0
1.3481252643126456,0.5110669976823887,0.13009469590693143,-0.7744356836202144,1
-0.6652188488423944,-0.8099534437665225,-0.12869393161994322,-0.1364267907986259,1
-1.0350614694415794,1.9409508106963729,2.480682677065657,0.47171508149064045,1
1.272800618682098,0.6758534791386465,1.3494564573513355,-0.6911213427518548,1
-0.8614970273151007,1.8485429955198487,0.049009319613355744,-0.7007597636724077,1
1.3380760451807354,-0.6252457516758941,1.735046533701932,-0.22330555658260517,1
-0.7774715235012198,1.5849329341850078,-1.4161827892149568,-0.5213900734001354,1
-0.7491330616156923,0.4052133458684022,-0.3792707843130506,-0.1511900497044689,0
-0.6716393569079142,-0.8764038351623475,-0.13066929038211142,0.1453973805930014,0
-0.8812947338518016,1.895475732524914,0.3742613295347584,-0.6912221816792249,0
-0.8235737287225664,1.2966634485234794,-1.1818594873536914,0.8576345469170884,1
-0.6651849974012095,-0.8096030911942493,-0.1286835167524165,-0.13791267856093603,0
-0.6684481131567209,-0.7993601243650355,-0.07177551637704105,-0.1448979775873442,1
-0.7131018961039939,1.4326818209763639,-2.473243489565494,-0.5535759250878277,0
1.23176997799433,1.6801974417493841,0.25072758340104523,-0.3539884279257464,1
1.4547919957227657,0.2299538154134179,-1.6594745739705372,-0.7294181473751756,1
-0.6650225104835216,-0.8079213988473387,-0.1286335253882881,-0.14504493982002464,0
-0.7944798712842782,1.6607347231453715,-1.0900725942093508,-0.634289643021307,1
-0.644596932849976,-0.867298897222232,-0.4786161811605981,-0.11749266649620818,0
-0.8057392065553337,1.6071621879249436,-1.0107009230359847,-0.3549357686284036,0
-0.6837008448981893,0.3269180337467164,-1.3531688017104877,-0.4448851724801441,0
-0.6651849974012095,-0.8096030911942493,-0.1286835167524165,-0.13791267856093603,0
-0.624907550925067,-0.9153527624585712,-0.8039015186580863,-0.1222754076499986,0
-0.7642649657137695,0.6452954471819686,0.13801206896596285,-0.840839959756479,0
-0.7561843535523798,1.5534157103599562,-1.7409765449651828,-0.5963067169349638,0
-0.6650089699070475,-0.8077812578184296,-0.1286293594412774,-0.14563929492494865,0
1.3177315513856644,-0.5682325261336422,2.0808392575409678,-0.24348398606597502,1
-0.6647516989540417,-0.8051185782691545,-0.12855020644807416,-0.15693204191850565,0
-0.6257809181076394,-0.9243918588232157,-0.8041702222402763,-0.08393950338239732,0
1.364071022775427,0.3613094076350667,-0.2791781820517749,-0.40002684291105994,1
1.3237617627544307,0.5737033945697764,0.5367777379193918,-0.7793529749614442,1
1.4245565428748672,-0.8004890296389842,0.35344550048972384,-0.36656386154786574,0
-0.895869398716858,1.7635752341182496,0.39470104996464783,-0.11612627892445178,0
-0.7550509854006892,0.46988117687024444,-0.21541999093120434,-0.32116165955554843,0
-0.6679877335566052,-0.7945953293821221,-0.07163387417867735,-0.16510605115476196,0
-0.7017535825250222,-0.7033538727441587,0.49782792973947254,-0.18704836448675533,0
1.3274907720506695,-0.5459253185085488,1.9802971145722557,-0.40327437648116676,1
-0.7853124816027421,-0.7497061411927304,1.5489847832967543,0.6874385225359442,0
-0.7642649657137695,0.6452954471819686,0.13801206896596285,-0.840839959756479,0
-0.5680058973861789,-1.081936922793063,-1.7804240826722626,-0.041526814323521795,0
1.6209564770155869,-1.3490975598751462,-2.982395587663809,-0.17784491640459738,1
-0.9395299874597073,1.607549345595898,0.77052325509996,0.7906398219470585,1
1.4529466198083887,-0.9913834295502413,-0.27558217799662615,0.04156230775208021,0
1.2364888328509764,1.3953016195222154,-0.18692322701643382,0.5778681624614138,1
-0.7483165867551282,1.5089281875210412,-1.9042274419774887,-0.5119222421929477,0
-0.6637446917159251,-0.8136393908295244,-0.15316420578268206,-0.13648412953937977,0
-0.7685221667749922,-0.5759312653453026,1.5541505575900185,-0.0495618075698788,1
-0.6716393569079142,-0.8764038351623475,-0.13066929038211142,0.1453973805930014,0
-0.7063938507171432,-0.6884209885208371,0.5792360491219715,-0.19823428474408555,0
-0.7631107043517579,1.544688304390477,-1.6602717707483938,-0.5071464761177567,0
-0.6968127818250422,1.2235195531557852,-2.9652464918672856,0.020629107454835493,0
-0.706827149164311,-0.692905501445932,0.5791027388176292,-0.17921492138651593,0
-0.6686558804499407,-0.8455257214166064,-0.12975138228156247,0.014439554194455778,0
1.333795713301927,1.2061916335368739,-1.7308648978191108,0.38912774181226445,1
-0.6690034399668752,-0.8491228613466483,-0.12985831380943305,0.02969546102764632,0
1.155282536407135,1.1844231723294947,0.6164501498880202,1.993691773176498,0
-0.6923286494332614,-0.7317251772585139,0.33505611663339685,-0.17101472681100496,0
-0.726306652153873,-0.6426794502615001,0.9044526484937832,-0.18364468435904824,0
1.4209002412939582,-0.7753723771268877,0.4351563509095961,-0.42094037856981686,0
1.462607821122582,-0.8913928054235157,-0.27260977480449383,-0.38251005961122997,0
1.4964960443869166,-1.000310768322546,-0.8669577477073545,-0.3012894261852128,0
1.1474326589440762,1.6698040189348675,1.3595568886101652,0.4044489983169817,1
-0.982690721684227,1.6015564718637223,1.337094591671784,1.1810800997747293,0
1.3650188631286064,0.37111927965871183,-0.27888656576102616,-0.4416317002557435,1
-0.8820850918663342,1.9062388015478315,0.3989419840215374,-0.7211797757371355,1
-0.6811585649273412,-0.8679512933716066,0.0071496985870823935,0.19815174469005978,0
-0.709131812971623,-1.0315496547700205,0.16421486416760095,0.9962847491026318,1
-0.6683691445147246,-0.7985428218844368,-0.07175122057407467,-0.1483642565592613,1
-0.6651849974012095,-0.8096030911942493,-0.1286835167524165,-0.13791267856093603,0
-0.8517809718291491,1.8231847231270415,-0.11367292563198997,-0.6975047607525243,1
1.3440143530684014,1.3119515835417341,-1.727720990920442,-0.05941303651055917,1
-0.6921661625155735,-0.7300434849116033,0.33510610799752516,-0.1781469880700936,0
-0.8033131685496415,1.63227097579255,-1.009954518641972,-0.46142518406743593,0
1.3782009602589684,0.44459184098424886,-0.357666672458873,-0.805383999547862,1
-0.6739051286504602,-0.8998539138117845,-0.13136638662730538,0.24485200901015264,0
1.3793796822780682,0.330874649864181,-0.5229755472944633,-0.4273881029733648,1
-0.654087294007259,-0.8396047541595661,-0.3158644979104781,-0.1306543803049655,0
1.210658453562181,1.4427562584658096,0.2193085096244637,0.6373385483468165,1
-0.7019566911721321,-0.705455988177797,0.497765440534312,-0.17813303791289453,0
-0.6647381583775677,-0.8049784372402452,-0.12854604050106347,-0.1575263970234297,0
1.2969144939456982,1.454064844478472,-0.9138542933751399,-0.14067008344153178,1
-0.6647404331944153,-0.8050019809331019,-0.12854674038016126,-0.15742654536580253,0
-0.6133193377751204,-0.9528139027634716,-1.0074256497855834,-0.093763800310143,0
1.4547919957227657,0.2299538154134179,-1.6594745739705372,-0.7294181473751756,1
-0.9878257283685847,0.8118539631029069,0.36640940393590626,3.920239090272405,0
-0.6205945313851694,-0.9336725750685707,-0.8854103206479398,-0.09672511321686393,0
-0.8025619032219327,0.6706984104356927,0.6811560012221297,-0.5992431227954096,0
1.2166237319174995,0.7869804542021966,2.2433662434178236,-0.5888155388403233,1
-0.6647404331944153,-0.8050019809331019,-0.12854674038016126,-0.15742654536580253,0
-0.7255303438234662,-0.6346448847920769,0.9046914905678003,-0.217720251234554,0
1.454630200924859,-0.9739588545797849,-0.27506420080910415,-0.03233742857375656,1
1.4634884677010431,-0.9012214140656665,-0.2972626507566056,-0.3565156253929529,0
1.2404230247351962,0.7185046609222198,1.8365096147253215,-0.5591326589871184,1
-0.8088406904337403,1.7009793529399024,-0.8459836126759135,-0.6485332403036858,0
1.203657975525127,1.370303346519745,0.2171547150199333,0.9446201375925506,1
-0.6686784661314994,-0.8457594766528271,-0.1297583310811763,0.015430938509469066,0
1.196194350424508,1.796723482131445,0.8775445271191227,-0.4467093624058561,1
1.2515666106876973,1.4883939248950424,-0.26512010113278306,0.13090614847992815,1
1.350715282234084,-0.7462665661523368,1.4075921209062785,0.08137338603420008,0
1.3602891616670587,-0.7730963193486907,1.2448661332173203,0.09086911755578587,0
-0.7673329801284621,0.46868272428475505,-0.053527192644385733,-0.21178637009232404,1
-0.8281681336857079,1.1861543825840726,-1.2661087825974857,1.274170648732621,0
-0.7175909431380534,1.4491798002105434,-2.3917888448867797,-0.5713996031569497,0
1.2980017070977838,0.5589275520331889,0.8601953480616802,-0.5081018209068441,1
-0.7717732153685979,0.5675872466518084,0.1357020513485313,-0.5112700540760927,1
-0.6561406202269852,-0.923814394049754,-0.3993319948744569,0.17434266510010024,0
-0.8880419812079742,0.7303791202100385,1.8973933024085112,-0.07016245323401182,1
-0.9885518624135492,1.6038536803564731,1.4181270926080103,1.2234836131977713,1
-0.7912676787108986,0.5357571072756397,0.35328777657800936,-0.23552569889628855,0
-0.6650654070297911,-0.8083653656269232,-0.128646723108418,-0.14316202284762528,0
-0.7015933704241819,-0.7016957240901048,0.4978772212245031,-0.19408077408821667,1
1.4256736404339714,-0.7889273947539739,0.35378919111810636,-0.41559815770409997,1
-0.727462715253456,1.4729264507708946,-2.229154508032057,-0.5678195223702064,0
1.326016851336879,1.5034325380268945,-1.236243597821096,-0.5586294741751647,1
-0.9909377861407551,0.7796450701466441,0.3654519360025437,4.056840912747308,0
1.2612423903771581,1.399660499097923,-0.5106505003319214,0.3507966120660286,1
1.4874776745223068,-1.0306899632584992,-0.7868966123037183,-0.1203013216572398,1
-0.6650225104835216,-0.8079213988473387,-0.1286335253882881,-0.14504493982002464,0
-0.6157917762753604,-0.9469237669449817,-0.9667684486663102,-0.09267145421862232,0
-0.7797104507574154,0.5924127451320708,0.27400775623887885,-0.5279553855975211,0
-0.6651849974012095,-0.8096030911942493,-0.1286835167524165,-0.13791267856093603,0
1.4623799061393716,-0.8937516592221156,-0.2726798960245779,-0.3725058744851484,0
-0.7011864612640997,-0.8234009538579979,0.3323308874093031,0.21779336346695144,0
-0.716317510321594,-0.6652113583832661,0.7418544220677492,-0.19237663519527323,0
1.4519786317652188,-0.9573865583209152,-0.2179680496029376,-0.06616618155895461,0
-0.6647404331944153,-0.8050019809331019,-0.12854674038016126,-0.15742654536580253,0
-0.6540647624880062,-0.8393715594874612,-0.31585756577465235,-0.13164338719955918,1
-0.6153296312199678,0.15312386426316102,-2.491834120832124,-0.43785056232144853,1
1.3435175012773217,1.3697676226112756,-1.64503809175267,-0.2524716188746489,1
-0.8518351341350452,1.8226241590114045,-0.11368958942003277,-0.6951273403328282,1
1.4625423930570598,-0.892069966875205,-0.2726299046604495,-0.37963813574423705,1
-0.7307618477467476,-0.6258311184550474,0.9859177080400241,-0.2029542501904804,0
-0.7198944973275755,-0.702232133708156,0.7407539121778274,-0.035367035837696625,0
1.3768469026115693,0.4305777380933272,-0.3580832671599427,-0.745948489055457,1
1.2741059380274504,1.532794476561678,-0.5066928506717592,-0.21384073761181988,1
1.4589090230906403,-0.9296742894444727,-0.2737477615537239,-0.22015364172975657,0
-0.6541031094005806,-0.8397684388813321,-0.31586936373658664,-0.12996017354241424,1
1.324556853160869,0.4560157278186527,0.3713508334730945,-0.3845178095542386,1
1.2443257148897529,1.2245778271687142,-0.5158551512426894,1.0933434640110027,1
-0.6620203063657412,0.17355543912486254,-1.8435130572229241,-0.10733332335488023,0
-0.8592756809075037,1.7456166636257904,-0.1159787773024108,-0.3685292101770623,0
-0.6655438226777702,-0.8133168284603436,-0.12879391434819992,-0.12216226828044872,0
1.1607166563309246,1.6813729076596386,1.197972370402138,0.2510914310893777,1
-0.689571030732596,0.3291216280321561,-1.2721390836268645,-0.4020846298470129,0
-0.7655530487406575,1.2046191970844395,-2.0752020047476267,0.6743965970782588,1
-0.7020402094478237,-0.706320378044109,0.4977397449731501,-0.174467055625723,0
-0.6651849974012095,-0.8096030911942493,-0.1286835167524165,-0.13791267856093603,0
-0.6393089918039508,-0.875528555750768,-0.5598250349656814,-0.1347359396176052,0
1.3242218338689522,1.2330213867332276,-1.5681389101301526,0.37963201029067867,1
-0.581933418088473,-1.0372077800734372,-1.536201790834483,-0.07478977496347013,0
1.4625423930570598,-0.892069966875205,-0.2726299046604495,-0.37963813574423705,0
-0.7433982815460255,0.4016083412938704,-0.46034216186678084,-0.18804704128835953,0
-0.6437431846662519,-0.9843794730361212,-0.6440250387244452,0.2747677525964663,0
1.3454263768811423,0.37616072099393716,-0.01148336036031867,-0.2908844171809442,1
-0.5684327714780408,-1.0233966348861185,-1.697719653890339,-0.2376570238698591,0
-0.6647381583775677,-0.8049784372402452,-0.12854604050106347,-0.1575263970234297,0
-0.8061470068005387,1.4770249527296404,-1.1764979135509244,0.0926995268798349,1
1.3213947826212606,0.48624752788593556,0.45321374095885714,-0.4605882879059176,1
-0.6651014791255179,-0.8087387013279373,-0.1286578211912545,-0.14157866084810755,0
-0.8906698173508452,1.8173893892193884,0.3963007736167555,-0.3443586392152873,0
-0.5967275356851027,-1.0014476632040015,-1.2922461196053885,-0.07001400888827918,0
-0.8567100875986133,1.8351281189216717,-0.03235367423112328,-0.6960118979116148,1
-0.6390852263591988,-0.9361709590913508,-0.6425919529527653,0.07030959650259286,0
-0.6636611734402335,-0.8127750009632123,-0.15313851022152009,-0.1401501118265513,0
-0.8971450164134027,1.920304849139431,0.6178920568970188,-0.6400867174199579,1
1.303924472287101,0.4313515175353598,0.613510281661481,-0.12347514159915454,1
1.2260507780541845,0.9724792346452857,-0.6043134527254834,2.1103779251150816,1
1.4943234737287034,-1.1487128640976447,-1.0332976944280923,0.22380935885798708,0
-0.6646433743422497,-0.8039974500378807,-0.12851687887198857,-0.16168688275789805,0
1.458344814350122,-0.935513685837062,-0.2739213482337656,-0.19538805321778127,1
-0.6650225104835216,-0.8079213988473387,-0.1286335253882881,-0.14504493982002464,0
-0.6398099931334885,-0.8807137738204089,-0.5599791750050771,-0.11274480073541528,0
1.3008131063807928,0.27323316394392727,0.44688150150259764,0.4428314715786396,1
-0.6480362392743699,-0.9028947185651729,-0.4796743317013152,0.03347353015450068,0
1.4403123873340813,-0.8892538637734506,0.026949955385628166,-0.19868644472121938,0
1.2191565115839984,0.6872773659730506,2.078473963283303,-0.2702551527582312,1
-0.787659461013511,0.6360594217975305,0.4372336575691206,-0.608773729709993,0
-0.6815741732595766,-0.8092944081286096,0.08985759343691876,0.001527031696425713,0
-0.8372859839330014,1.5954537689759918,-0.6062279159126992,-0.044547676807424386,1
-0.7157800909633983,-0.7226075349301958,0.659184004077221,-0.0010987407255359306,1
-0.7067210993693667,-0.691807916907515,0.579135366514617,-0.18386991056828111,0
-0.7111872147889363,-0.7380309127546996,0.5777613038801847,0.012167422399028462,0
-0.7353752533185878,1.4539922933838993,-2.148753148067951,-0.43537121055117084,0
-0.6402663324614797,0.2098278111147637,-2.085327431688521,-0.41760761336103325,0
1.1759937392092288,1.6506113410093368,0.9541652901710207,0.22511620713175545,1
-0.6828089323061828,-0.7591154945705046,0.172313465156396,-0.15914157486972294,0
-0.6650134653784369,-0.8078277846400274,-0.12863074253568493,-0.14544196903011392,0
-0.6431663999100952,1.2121192100142382,-3.694263297920155,-0.4003369341964152,1
-0.5626796094275794,-1.089769701927728,-1.8616211385154116,-0.06045330110206366,0
-0.8732103178309661,1.8532304661485466,0.21107708767462366,-0.6163473886159935,1
-0.8677049996509549,2.055068574249419,0.4033662197468977,-1.3523848971664776,0
1.3525432600580731,-0.7273475272495925,1.4081545237527224,0.0011354468694532239,0
1.3481252643126456,0.5110669976823887,0.13009469590693143,-0.7744356836202144,1
-0.6541031094005806,-0.8397684388813321,-0.31586936373658664,-0.12996017354241424,0
-0.7722553256096893,0.48069619059383983,0.02779414172998632,-0.21059068480387647,0
1.4993409491781795,-1.2227000735219498,-1.1974255232861497,0.433305583186516,0
-0.6695450630258347,-0.8547285025030169,-0.13002495168986092,0.05346966522460835,0
-0.7115080390858539,-0.6783930403093381,0.6604983603590959,-0.188617776329074,0
1.1950440932900812,1.6589020340389922,0.7115191093976926,0.03351561221557785,1
1.3190346820426617,-0.633443391062354,1.9776954806640756,-0.03209961345609708,0
-0.6914243597909581,-1.0811728615274532,-0.13675642218004957,1.0138476631242472,1
1.3177315513856644,-0.5682325261336422,2.0808392575409678,-0.24348398606597502,1
-0.8216580830844277,1.3794481344317182,-1.0984343497389175,0.5586809042188903,1
-0.716317510321594,-0.6652113583832661,0.7418544220677492,-0.19237663519527323,0
-0.7610318799300689,1.503245222010457,-1.742467953995012,-0.38352758937215364,1
-0.6649141858717296,-0.8068002706160651,-0.12860019781220253,-0.14979978065941704,0
1.4305824453387246,-0.8010810020919678,0.2724636907967236,-0.41619948788762345,1
-0.6651014791255179,-0.8087387013279373,-0.1286578211912545,-0.14157866084810755,0
1.2948396365581756,0.5891593521004718,0.9420582555474429,-0.5841722992585231,1
-0.7070347532828102,-0.695054143701168,0.5790388665180611,-0.1701022689178204,0
1.46249949651079,-0.8925139336547894,-0.27264310238057937,-0.37775521877183765,1
1.407081045203456,-0.7295221061759882,0.679411970323461,-0.4589581800491576,0
-0.8313555931609452,0.30973378214266,0.5894614587911221,0.8795054031770293,0
-0.6651014791255179,-0.8087387013279373,-0.1286578211912545,-0.14157866084810755,0
1.469358999468381,-0.9663797386686908,-0.46112802495298927,-0.18446377267463923,0
-0.8033743378103723,0.6622899487011397,0.6809060444014879,-0.5635818164999666,0
-0.7935827339076831,1.040436727877532,-1.9181542028342486,1.4750068735681543,0
-0.842913821465885,1.0335408021019366,-1.2706454988921347,1.9214233579949127,1
-0.6154284555274103,-0.9431635028572897,-0.9666566679761192,-0.10861919039394445,0
-0.7987454988065169,1.6795450293565535,-1.0085492114049595,-0.6619201803216759,0
-0.6347228859177257,-0.8910220040897266,-0.6412498181362231,-0.12117259894057877,0
-0.7115463859984283,-0.678789919703209,0.6604865623971616,-0.18693456267192907,1
-0.7930600754290467,0.20241476935724462,-0.06144249196471015,0.9174883292633724,0
-0.7938004583773975,0.6354601955047858,0.5181800567125299,-0.5540860849783809,0
-0.6650360510599955,-0.808061539876248,-0.1286376913352988,-0.14445058471510064,0
-0.6015144754015901,-0.9880327866058245,-1.2108831257609094,-0.07476187464907208,0
1.2316955048237233,1.6794266660903834,0.2507046706924864,-0.35071947484866406,1
1.3914863413775418,0.20434180843868097,-0.8505938151179417,-0.09933198536968678,1
-0.8896421533150863,1.7461240578847976,0.2888573670899032,-0.10994986414210267,0
-0.5770341134880691,0.04580485147774558,-3.1427380715879565,-0.39986763623510535,0
-0.7650788200784736,0.5549709359157243,0.030002093645655762,-0.5255988904136234,1
-0.7642649657137695,0.6452954471819686,0.13801206896596285,-0.840839959756479,0
-0.721039021972559,-0.6511193203333998,0.8232375457681839,-0.1999964248230592,0
-0.6900728601566054,-0.7398575695395513,0.2943322603619526,-0.16259739122374078,0
1.4054065091920702,-0.7468530669391332,0.6788967759885421,-0.38545547293341015,1
1.5050083722984076,-1.2899605135586125,-1.361353386687694,0.6142727624786904,0
-1.1150323641651103,-0.9013906341043381,-0.19466588431955467,10.857749863286037,1
1.4623325141217127,-0.8942421528232979,-0.2726944768391153,-0.3704256316179142,0
-0.9221838171306613,1.661160542993434,0.6101885209951421,0.4589757232422394,1
-0.7122504959750758,-0.6860772532064882,0.6602699331526054,-0.1560280972158784,0
-0.7613777830203056,-0.816780524183615,1.142169814074359,0.7111778513399086,0
-0.640339767833293,0.020192844503008654,-2.333857312735361,0.2302185257703836,0
-0.8092796121040179,0.4752554557686952,0.5134176794002053,0.12536165160743654,0
-0.7574713267075589,-0.7763498373433063,1.1433716897869453,0.5397064035693201,0
-0.7175497027807272,-0.6779641920140047,0.7414753208897757,-0.13829032064718466,0
-0.7210502877321853,-0.6512359176694523,0.823234079700271,-0.19950192137576236,0
1.0750308506047104,0.983424667674874,1.4201172260567285,3.367613348994436,1
-0.8923502686098848,1.7180958521029543,0.2880241776877638,0.008921156842707494,1
1.336453050725467,-0.5790849616986741,1.8173829593887187,-0.3669328135803715,1
-0.6914243597909581,-1.0811728615274532,-0.13675642218004957,1.0138476631242472,1
-0.6872325512747199,-0.7419403538846356,0.25378823969106606,-0.17983717680583797,0
-0.7370365946864305,1.4997562039672483,-2.0664285203430985,-0.5773152538917923,0
-0.6648238975617199,0.2704557067758244,-1.6787040960286177,-0.4140066073384915,0
-0.5967275356851027,-1.0014476632040015,-1.2922461196053885,-0.07001400888827918,0
1.4625514381621443,-0.8919763526678937,-0.2726271218078464,-0.3800351649543263,1
-0.8353697914859551,1.1745776292148111,-1.1854887104153182,1.3754153175431443,0
-0.6060847658944934,-0.9723756535451001,-1.1294534767642592,-0.08901942208864985,0
1.0806241464872626,0.8524387216616262,1.173330793833865,3.766701876715138,1
-0.8565679115456365,1.8365995997252187,-0.03230993178751096,-0.7022526265133172,1
1.4029082728326188,-0.7727090867728835,0.6781281587650685,-0.27579695607492277,0
-0.6875124079092845,-0.7448367886701313,0.25370213789824897,-0.16755304549726768,0
-0.6827864007869301,-0.7588822998983996,0.17232039729222182,-0.16013058176431663,0
-0.7338244021130509,0.3747785880975165,-0.6230681495557389,-0.17855130976677375,0
1.42923242796345,0.28021127493519665,-1.2531595183894257,-0.6818348635882542,1
-0.8230593335302253,1.74269546353798,-0.601850888698864,-0.669017566187767,1
1.140921717257673,1.2246678021240254,0.8605391314214572,1.9794481758941198,1
-0.6690824086088715,-0.8499401638272468,-0.12988260961239942,0.033161739999563324,1
1.2057659550406352,1.7698701852422345,0.7148178395510669,-0.4371137792266432,1
-0.8820850918663342,1.9062388015478315,0.3989419840215374,-0.7211797757371355,0
-0.808264178134802,1.5180711557157898,-1.0943135282662402,-0.02923614620862328,1
-0.6693079397628193,-0.8082590797007706,-0.07204005401222031,-0.10715642842466701,0
-0.6645530860322402,0.27325852735400874,-1.6786207770884038,-0.42589370943697247,0
-0.7161843793737017,-0.6638334917870307,0.7418953816587585,-0.1982203345868866,0
1.1763629408170089,0.5841411896980873,-0.4539290830557154,3.8616591919309955,1
1.3446923822435572,0.5384959771714872,0.21187428445248013,-0.8386190598734125,1
-0.6692200891904589,-0.8513651178091958,-0.1299249689616042,0.03920514270643109,0
-0.6492349262252494,-0.8523424693060537,-0.3972073618990014,-0.12877843841116568,0
1.231980129370731,0.6940814597149085,1.9167478028769123,-0.4034046464184176,1
-0.7254355597881482,-0.6336638975897125,0.9047206521968753,-0.2218807369690223,0
-0.7507180009290118,0.5147263061211934,-0.2140868878877813,-0.5113552931312447,0
-0.6741269654652147,0.30008828055036263,-1.5158947893994459,-0.4353894409585583,0
-0.9093856975458914,1.7936173590054998,0.6141260407993486,-0.102789702568616,1
-0.711945833004411,-0.6829240800560309,0.6603636669603461,-0.16940108707666954,0
1.3533661592739425,0.4393921152350858,-0.03396439482544967,-0.5747463185229323,1
1.4625491633452967,-0.8919998963607504,-0.27262782168694416,-0.37993531329669905,1
-0.8008415581438733,0.5625868604719936,0.5160137642669673,-0.24502143041787436,0
1.4399532161245894,-0.83001287072196,0.10967521390260512,-0.39778842979217693,0
1.1420480066355327,0.7956163953003971,0.2810353122340221,3.434083469645537,1
-0.7605122239247637,-0.618947307380671,1.3909434030213248,0.028581938570434933,0
-0.7642649657137695,0.6452954471819686,0.13801206896596285,-0.840839959756479,0
-0.8033743378103723,0.6622899487011397,0.6809060444014879,-0.5635818164999666,0
-0.8033743378103723,0.6622899487011397,0.6809060444014879,-0.5635818164999666,0
-0.6752851669152814,-0.8386424872410266,-0.03246114995340797,0.04777641560497525,0
1.5357268996943143,-1.2868242410659798,-1.7660812164577298,0.3402401837157055,0
-1.1198193038815976,-0.887975757506161,-0.11330289047507565,10.853001997525245,1
-0.6651014791255179,-0.8087387013279373,-0.1286578211912545,-0.14157866084810755,0
-0.6651014791255179,-0.8087387013279373,-0.1286578211912545,-0.14157866084810755,0
-0.8839536914197451,1.8868993395583595,0.39836708333406123,-0.6391587712576164,1
-0.8802500338657172,1.528538209845415,-0.12243182922198055,0.5521268473502923,0
1.07610940203198,0.616837497567648,0.9234344821675161,4.609476490261644,1
-0.6968263956394743,-0.7782755425492304,0.3336723223467476,0.026411019681407157,0
-0.6588900491170678,-0.8263535622831553,-0.2345063698921076,-0.13470803930320713,1
-0.7132423424923149,1.1164366885848933,-2.8874655125729083,0.5269267802710991,0
-0.7373696490660556,-0.6942199405627447,0.983884725898804,0.08709104101245636,0
1.35769914374562,0.48423724448603495,-0.03263129178202661,-0.7649399520986286,1
-0.9476812152777899,1.9009363717909153,1.2650299915551808,-0.14077262865495918,0
-0.6587952650817499,-0.8253725750807906,-0.23447720826303273,-0.1388685250376755,0
1.2278224805273532,0.7769676244749487,2.0811401693701495,-0.6506424199096237,1
-0.7810279269475171,-0.5164873145902092,1.798810273863921,-0.1452320542268524,1
-0.6501692260019547,-0.8620122003007896,-0.3974948122427395,-0.08776793617140614,0
-0.6971697514556447,-0.7188708647759738,0.41640244668983306,-0.17338517215210164,0
1.4156996595764886,-0.04872387441231909,-1.505830350764899,0.5567802498376693,1
-0.9110791362679734,0.9534356814038775,2.4974917401280625,-0.6339403526430291,1
-0.6731808905673122,-0.7853846836512217,0.009604141255480756,-0.15202326376783332,0
-0.8264966018043691,0.7377727934265773,1.0879709704445246,-0.6229824515993742,0
-0.644596932849976,-0.867298897222232,-0.4786161811605981,-0.11749266649620818,0
1.2288106341243608,1.4417511167658594,-0.023614006745978196,0.485162716250461,1
-0.6686784661314994,-0.8457594766528271,-0.1297583310811763,0.015430938509469066,0
-0.6105873535050269,-0.9560178153398297,-1.0480029980325554,-0.10624874505284777,0
-0.7111695246740042,-0.6748895145866076,0.6606025090343633,-0.2034766539521753,1
1.2250270807986732,1.213717508232979,-0.2732853572737493,1.2958421541310676,1
-0.7306129014055337,-0.624289567137046,0.9859635334571418,-0.20949215634464502,0
1.3196019307038482,1.2481650430640288,-1.4867245251633499,0.3675521799555425,1
-0.8891532727857581,1.8330851844572207,0.39676735968195354,-0.41092641096678095,0
1.4663761686005878,-0.9028137048095686,-0.3377920906129546,-0.37583565384228435,0
-0.6739051286504602,-0.8998539138117845,-0.13136638662730538,0.24485200901015264,0
-0.6543400694888754,-0.8422209068872434,-0.3159422678092738,-0.11955895920624333,0
-0.6932516834503405,-0.7412783109171973,0.33477213235757164,-0.1304987280185423,0
-0.5774737270242091,-1.0540095850582925,-1.6176654672863167,-0.055677535026872796,0
1.488300573738177,0.13604967922617942,-2.2290155308818904,-0.6961830870496254,0
-0.6647381583775677,-0.8049784372402452,-0.12854604050106347,-0.1575263970234297,0
1.467169466351719,0.10622379456610219,-1.9870095228538018,-0.4132491318699787,1
-0.7210254813960849,-0.6509791793044906,0.8232417117151946,-0.20059077992798324,0
-0.6650225104835216,-0.8079213988473387,-0.1286335253882881,-0.14504493982002464,0
1.3417500368765767,-0.5872210060198987,1.7361768884362385,-0.38457311591185767,1
-0.6650157401952845,-0.8078513283328841,-0.12863144241478275,-0.14534211737248665,0
1.2090651626663549,0.6078081229259201,-0.8580466015886842,3.5005535902966374,1
1.3828868008511659,-0.6651339464272354,1.086147086673555,-0.471304910201938,1
1.168197478899874,1.821755556449565,1.2831097122383086,-0.2921421597326054,1
-0.8873003254509482,1.8962779165212615,0.4552493881482747,-0.6424780879968531,0
-0.6735259925091884,-0.8959299650023265,-0.13124974011100585,0.22821006607227923,0
-0.687137767239402,-0.740959366682271,0.2538174013201409,-0.18399766254030633,0
-0.687246091851194,-0.7420804949135449,0.25378407374405537,-0.17924282170091396,0
1.4066771027260838,-0.733702793350408,0.6792876917922379,-0.44122737855906335,1
-0.7804720714462212,-0.636650993040101,1.6333097654658388,0.2601041771741512,0
-0.8093497723075271,-0.4948186249659106,2.20427547625485,0.023599670964575523,1
-0.8325702047714799,1.3924274694589167,-0.9361200909249207,0.6079264764271582,0
-0.6650225104835216,-0.8079213988473387,-0.1286335253882881,-0.14504493982002464,0
-0.8439240155922592,0.683320749855586,1.2482807088672787,-0.28775222226501046,0
1.4290700880133516,-1.238498590338787,-0.2829281256708926,1.0896076836280166,0
-0.8843305527441693,1.8829989344417584,0.3982511366968595,-0.6226166799773702,0
-0.6875958720226701,-0.7457006179723277,0.25367645900087504,-0.16388944063051586,0
-0.7267833023465752,0.4476519231303088,-0.6209018571101764,-0.4876159643272801,0
1.3382082115677925,1.566651260549202,-1.3153285185298214,-0.8788939991502003,1
1.468264141657904,-0.9147528879998958,-0.37862911066899746,-0.3512732561848632,1
-0.6633001275091309,-0.809038280568377,-0.15302742941042682,-0.15599799634424627,0
1.4551000805754053,-0.9880387814749257,-0.2998434549297324,0.01168736210749651,0
-0.7507180009290118,0.5147263061211934,-0.2140868878877813,-0.5113552931312447,0
1.3553095779308917,0.39654762256597353,-0.11620223754217507,-0.4451838807280888,1
-1.0222113156540906,1.6332379912152686,1.904785868110388,1.4117387060354576,1
-0.8055951440112363,-0.4194434937831281,2.2534753822382116,-0.26583057764491164,1
-0.6775232660770054,-0.7673686967918975,0.09110391147221499,-0.17628499633349268,1
-0.6588088056582239,-0.8255127161096999,-0.2344813742100434,-0.1382741699327515,0
-0.8231822365172848,1.9302983852305515,-0.3533814138836791,-1.3082255562977851,0
1.4065258815680222,-0.7352678883612661,0.6792411664960224,-0.4345896207472716,0
-0.7267833023465752,0.4476519231303088,-0.6209018571101764,-0.4876159643272801,0
1.2469008442936138,1.628979531388572,-0.018048301539686923,-0.3088957039280709,1
-0.6828044368347934,-0.7590689677489066,0.17231484825080357,-0.15933890076455778,0
-0.62938236551679,-1.024624102830652,-0.8881140202578822,0.28901134987884497,0
-0.7445770035651251,0.5153255324139382,-0.29503328703119064,-0.5660429378628569,0
1.336354463084622,-0.7060219363578061,1.6516811024397153,0.06712978875182136,0
-0.6613512218576816,-0.8203468291286129,-0.19384570270492157,-0.13411019665898333,0
-0.8677049996509549,2.055068574249419,0.4033662197468977,-1.3523848971664776,0
1.4303793366916149,-0.803183117525606,0.27240120159156317,-0.4072841613137627,0
-0.7780800483103535,0.4204120044700202,0.02600208463628879,0.04508186197109257,0
-0.6006478785072545,-0.9790637607556346,-1.2106165051522246,-0.11280060136421137,0
-0.770234703766021,-0.6566138358199033,1.4707879091804048,0.24047650855445848,0
1.315971127324902,1.147628973305917,-1.5706773549540747,0.7417915950842603,1
-0.6784372549889999,-0.7768282162432695,0.09082271004899294,-0.13616602675111925,1
-0.8279691762337721,1.9437132618287283,-0.27201842003920007,-1.312973422058578,0
1.4470627106392975,-0.8823482911797911,-0.05380897614229978,-0.28012006917441384,1
-0.8149146033054067,-0.6153713181651832,2.1197276159206933,0.4827320144398053,0
-0.6645892120363538,-0.8034368859222438,-0.1285002150839458,-0.1640643031775943,0
-0.6914243597909581,-1.0811728615274532,-0.13675642218004957,1.0138476631242472,0
-0.9216882398049728,0.8228583024153281,2.4668918999706593,-0.09735411085269445,1
-0.6650225104835216,-0.8079213988473387,-0.1286335253882881,-0.14504493982002464,1
1.3711524357857305,1.0891563629351246,-2.3820576820130883,0.46831849603320197,1
1.3885474536831568,-0.7324644569783527,0.9222171402985055,-0.29004055335730144,1
-0.9126151239139141,0.9274653262336026,2.4837654501211275,-0.5321403262842135,1
-0.6647404331944153,-0.8050019809331019,-0.12854674038016126,-0.15742654536580253,0
-0.6971472199363921,-0.7186376701038689,0.41640937882565887,-0.17437417904669533,0
-0.7213233740785128,-0.6540622819404934,0.8231500608809593,-0.1875149676196541,0
1.25934221419941,1.3799942282290347,-0.5112351160078266,0.43420365265023025,1
-0.7071588932879238,-0.6963389566542078,0.5790006731158671,-0.16465322131587665,0
-0.6651849974012095,-0.8096030911942493,-0.1286835167524165,-0.13791267856093603,0
-0.6804101746726992,-1.112038914359082,-0.3239630988992732,1.0247719436673892,1
-0.8837912045020573,1.8885810319052703,0.39841707469818954,-0.6462910325167052,1
-0.7115463859984283,-0.678789919703209,0.6604865623971616,-0.18693456267192907,0
-0.8355288581783842,0.7702081877792998,1.2508635960139107,-0.6562523873179219,0
1.2445098947471607,1.7931088307388496,0.22972337715120633,-0.8485492139633105,1
-0.6413300958091597,-0.8649672391566762,-0.5190289745006477,-0.15345463788341304,0
-0.726306652153873,-0.6426794502615001,0.9044526484937832,-0.18364468435904824,0
-0.6060306035885975,-0.9718150894294632,-1.1294368129762165,-0.091396842508346,0
-0.6984948155272295,-1.1543500223109207,-0.13893174639873124,1.3242008795522289,0
-0.6397264748577969,-0.879849383954097,-0.5599534794439152,-0.1164107830225868,0
-0.7902721004071291,0.48310274258288227,0.27075831757053515,-0.06435840375676143,0
1.2115990145194715,1.47143383549625,0.24452170544951415,0.5314033525162547,1
-0.8007843198889338,-0.595043615133586,1.958403469400835,0.2922272531544479,0
-0.4529703978492694,-1.402352409831308,-3.7330901095226414,0.06588405778134318,0
1.3593970665707604,-0.6564126229286725,1.410263192819233,-0.2997080878797437,0
1.172943105021077,1.9338297173998302,1.3674055327783183,-0.71531601935993,1
1.4176752000099668,0.22355563707876558,-1.1738794980502953,-0.3894051768870216,0
1.405672825250161,-0.7440967731825467,0.6789787118343485,-0.3971452491370563,1
1.2438086989476331,0.841476998778942,-1.0130287936638542,2.4052430334220403,1
-0.7801190521348164,1.6204900933508408,-1.3341615757427876,-0.6200460457389283,1
1.4290278997939945,-0.8801284070412558,0.18914965065683084,-0.13309610712754005,1
-0.6647404331944153,-0.8050019809331019,-0.12854674038016126,-0.15742654536580253,0
-0.6143696698126601,-0.9951636892270986,-1.0491666803429474,0.05977365511579717,0
-0.8121357826549073,0.6975281636320465,0.8438819889110878,-0.6087388543169954,0
1.333421271851305,1.580066137147379,-1.2339655246853425,-0.8836418649109933,1
1.4290700880133516,-1.238498590338787,-0.2829281256708926,1.0896076836280166,0
-0.7985873980938848,0.6488750721029627,0.599543050557009,-0.5588339507391737,0
1.415142420343468,0.3232587253079118,-1.008987217915775,-0.7079655629691138,1
1.342873449524653,0.5196705524760545,0.2113146644586392,-0.7587781499187548,1
-0.8888274439097993,1.7545560633122075,0.28910802378964284,-0.1457110220951729,0
-0.665970350836701,-0.8177312708709839,-0.12892514167903688,-0.10344008247534109,0
-0.7898751107222857,-0.48213647265435566,1.9617598395970492,-0.1866256355195022,1
-0.6828089323061828,-0.7591154945705046,0.172313465156396,-0.15914157486972294,0
1.3142136181900164,1.444230817957241,-1.1570392644072556,-0.25540154392767206,1
-0.8546119901110071,1.9827594390377696,0.1339633597810556,-1.2178417298777324,0
-0.5828812584416524,-1.0470176520970822,-1.5364934071252319,-0.03318491761878657,0
1.342167410664089,0.4494049449623338,0.12826167922222473,-0.5129194374536321,1
1.392462955100988,-0.6919401559307325,0.9234217988636949,-0.46190903033797936,1
-0.712586735570078,-0.6895572352363619,0.6601664843564358,-0.1412690712504044,0
-0.716317510321594,-0.6652113583832661,0.7418544220677492,-0.19237663519527323,0
-0.6651014791255179,-0.8087387013279373,-0.1286578211912545,-0.14157866084810755,0
1.3407201893796943,1.151941326060027,-1.8944060113639696,0.5149173705837097,1
1.3267233453967078,0.4784382924441273,0.372017384994806,-0.4796146263420867,1
-0.6493003542907716,-0.8530196307577431,-0.3972274917549571,-0.1259065145441726,0
1.4241886724932218,-0.8042963811123898,0.35333232004133724,-0.3504164220572891,0
-0.7780855815805364,0.6092296686011767,0.2745076698801625,-0.5992779981884071,0
-0.687137767239402,-0.740959366682271,0.2538174013201409,-0.18399766254030633,0
1.4954879633054667,-1.1366607356114522,-1.0329394229851723,0.17269481983451876,0
-0.7842265789444229,0.608630442308432,0.35545406902357185,-0.544590353456795,0
1.1923951809247597,1.9462781144751644,1.1248829473209034,-0.9245499415289944,1
1.4540389110313927,-0.9800785330301925,-0.2752461193831673,-0.006383129851933125,0
-0.9016611446004101,1.936522546315792,0.6993383696817117,-0.6567216852792318,1
-0.6540083253652625,-0.8387874516789676,-0.31584020210751174,-0.1341206592768826,0
