Feature_0,Feature_1,Feature_2
-25.14646037849555,-6.678559123539267,0.47880133098376604
39.30185301682866,7.56947596933526,-0.8136322198542966
-24.358780867717996,-2.70559464296474,-0.9532360715263671
21.043845643291604,5.064346818378535,-0.8559140990139589
-23.993573718072806,6.294757701675389,0.41640124524541394
-23.77560326094881,-0.713657444512475,0.4526437088089903
20.318743414589274,24.09787858556767,0.45949434907378695
-11.869990864290815,-27.046313129551102,0.622215460540442
-21.12451201717175,-1.7930903210192486,-0.948126219521405
-2.5472766662117605,-15.302333901957955,-0.823568314790034
-16.18475989737939,-24.935464196192356,-0.8157379157485467
-4.871362800829925,28.776474304362793,-1.0543835256887142
-24.40109568529574,-8.699518066371747,0.49130832065566354
-0.6685828292310825,9.662609382864142,0.4695667646477475
-24.758084603286513,-14.695628958931257,-0.18559580395465697
-15.4989235448806,26.06408031720753,-1.0726264293084418
-3.8229999996103348,-27.264892503006646,0.647566717938481
-19.233088346748712,-0.8404408263106766,-0.2409910305213679
-14.154218930925552,2.0223975400266867,-0.2385390872694172
-25.004182941480778,-0.6873509718521759,-0.9654281387461158
-6.050283529126905,5.80736642794532,0.47292982540625844
-19.07007955985954,5.157269480908178,-0.2709538606854678
-24.55346926089476,-13.704226185998158,-0.8979760670303797
3.258501026581813,-1.4513769632982279,-0.17013347878771867
-11.705235399645538,-21.052319909700554,-0.1139977062367692
-0.5790337085277698,8.65275534418095,-0.9392730515189799
-25.008442246465627,-0.6801699983903975,0.4487597702066298
230.42643443825014,-16.621721700907163,1.2991969174382967
-24.350227485123764,-0.7051142794440539,-0.9633679160641534
-24.337892995282076,-0.6983840410877864,0.4508722700156491
-4.194286118113611,10.758733954870891,0.4533799858260981
114.23954750427806,-4.469610436322865,-0.5267543896447803
-24.479379189436404,-0.7016061483818854,-0.9637747958723307
-20.702277476271654,37.216403465167495,0.26930888947522896
49.909342591567906,-2.715152111076691,0.6847809213497288
20.13017444253684,12.098724472515034,0.5198530277736922
-25.001731189220525,-0.6837479258961096,-0.25916457539001425
-24.373927554147546,-7.69989968183527,0.48631451562831346
-14.507404635852092,-10.972641458947496,-0.17361962191386757
-21.369338242628547,-14.791072674537856,-0.8828653782277253
-22.431519057598134,11.25043991498025,-0.3103304715613162
-11.264012872407596,-2.057534149717556,-0.2091161935955307
-24.337892995282076,-0.6983840410877864,0.4508722700156491
8.657971986448624,-26.610620462477296,-0.7323939240060053
-24.594740665457525,-9.701679740272338,-0.9184236708180038
-24.18375063611018,-0.7025709900799412,0.4513578804368637
-16.736535488051853,-0.904858733215819,0.47481960312200516
-24.479379189436404,-0.7016061483818854,-0.9637747958723307
-10.559645307799228,-1.0726408033346402,0.49427929128523046
-14.707329874726142,-10.967210915507609,-0.17424946681816672
6.871392334166357,-22.55360115574343,0.6558613768100275
-24.623834102740105,-7.693111502535409,0.4855272094979397
45.04456675137974,18.417407216640033,-0.8514137133335362
-6.2090330110312255,-0.19752485273531228,-0.9112952533823877
30.730511177804882,34.818984921377265,0.43642225348955116
3.258501026581813,-1.4513769632982279,-0.17013347878771867
-21.92058407295559,-7.773604812435695,-0.9201577932467683
-24.99065975087518,-0.1804748475343974,0.44627609443594507
-5.111722318439982,-24.23588333670976,-0.785932789813371
14.18986878565453,-18.750966590398534,0.6585999385619141
-25.167252603338447,-6.67799434702149,0.4787358271137199
48.01529466529579,7.332793879322847,-0.7861813744677792
51.6749133037849,14.242947852271877,0.6039934545057138
-4.993205825417497,-25.232393655364383,0.6337213078449491
-4.520303691891955,-1.2366866595668178,0.5133056461542977
-16.988127839432014,-0.9014203985971941,-0.2339185020909933
-21.703239023770028,0.22334226385611175,-0.9601082334655681
-24.320004299593645,-9.702077090180921,0.4966431866986914
-24.60329404805176,-11.702160103793021,-0.9082918262802192
-23.625815854354794,-2.718438798437554,0.46327439051097963
-21.625993935310298,3.229378390927318,0.43909826040512784
14.32745611915161,-13.75659175508446,-0.0726194231879471
41.05160686738502,-9.477045022539059,0.6924312605601952
-17.836280824420644,-2.875699190641589,0.4815137541721252
24.355125202933394,1.977003555071532,-0.12398821068870293
-24.665105507302865,-3.690565056809589,0.4650796057103153
-24.337892995282076,-0.6983840410877864,0.4508722700156491
-24.18375063611018,-0.7025709900799412,0.4513578804368637
-3.9772273601212484,-28.43451580935787,-0.054921755584340946
-19.7018091587406,1.1693340319236802,-0.9588823200629645
-23.397114538347616,-6.72607637863827,0.48431247389638443
-22.70461189589637,0.2542120684238624,-0.2570071213739522
-24.44189320714752,-0.7026243752768647,-0.9636566999527747
14.851652254047904,-1.7628845967183353,0.5743350980012636
-22.02925659754837,-11.772078350581598,-0.9001825731373686
-16.246566359296434,4.076548764984975,-0.9632351023849669
1.8053913569081876,-13.412786884793086,0.5941868762934328
-24.18375063611018,-0.7025709900799412,0.4513578804368637
230.53936626782777,-12.63042913622304,-0.13496621162384942
-24.29242316070296,-4.701044528225843,0.47133310054626354
-24.156582504961982,0.29704739445653455,0.4463640754095137
-24.596822494153432,-8.694201564344095,0.4906917024943546
29.41041730047662,15.848071830356014,0.5287719426490138
-11.717768813919246,-3.0418955420759635,0.5007895276232951
-24.141239526012313,30.307321104310365,0.2940305449718183
-24.18375063611018,-0.7025709900799412,0.4513578804368637
3.5787342035271053,41.558643226071,0.3204068632755862
30.970546781465448,-7.205897427537953,-0.0574324121637902
-9.072070938400985,4.8820252215454065,-0.9457119520836239
-6.077451660275102,4.807748043408845,0.47792363043360847
-24.336146317525976,-0.7021011284560904,-0.25537806659746226
-24.337892995282076,-0.6983840410877864,0.4508722700156491
44.837691078562315,-9.579885938931962,0.7043589484353595
-23.443935833730706,4.279115260870531,0.4282916167560014
-24.064190730072706,8.297388560398272,0.4060199821255271
-24.337892995282076,-0.6983840410877864,0.4508722700156491
-24.769518726910796,-7.6962195684172725,-0.9291330831330306
-24.456135212333244,-0.6985678789435675,-0.25744572864618204
-24.066211683800113,9.297799804276972,0.4009342197421495
-8.085509601764375,-1.1469107104528113,-0.9121275137198042
20.26601509827782,17.09681639519741,0.4948840026369425
-18.14696765486879,-14.375027700179364,-0.1673078246264615
-24.346759422999348,-6.700281297298796,0.48132071060096354
-22.625012512532457,-8.75143122676907,-0.20935214243179343
-18.07494885960139,-11.876093064978694,-0.17977942537429828
-24.498880828443824,-7.696505592185339,0.48592086256312655
-23.32899292062296,41.78935616788012,0.23817639941804142
-11.211423287867305,-0.0545802932763004,0.4871465329628807
215.0888613060952,-11.203327438151108,1.225480416088413
-1.67205700395821,-27.326987932353763,-0.05191278595341508
41.05160686738502,-9.477045022539059,0.6924312605601952
-24.18375063611018,-0.7025709900799412,0.4513578804368637
-2.0489255449550012,3.1977871854286235,0.4982342011567374
-19.109085078825732,3.65412481673516,-0.969713489757554
45.73423940645276,23.407520750771734,0.5395633825328106
-21.425421182681035,-16.786592356242497,-0.16662743155991397
-24.48363849442125,-0.694425174920107,0.45041311308041504
-25.1978710058207,-4.679845601287061,-0.2394649124262453
-9.876539854217542,-1.0982611870465628,-0.9177699792949678
-24.796490565538868,16.320130718029557,0.36307777861130663
-24.2020523395411,4.299707881594591,0.4259032448788992
-25.400721879665987,-8.6723653491723,0.4881590961341679
-17.21822051285029,18.11132620280836,-0.32946225353225095
-6.2090330110312255,-0.19752485273531228,-0.9112952533823877
-19.31710536742205,-3.8358320938266295,0.4819279569003163
-17.326406361275794,-5.89061789174621,0.4983582504810918
-6.197520221648086,-10.201401062882676,-0.8604650278019482
21.093922600603136,7.070764560913264,0.5482861998840872
-23.343504328916758,-12.729670679674244,0.5149577410142921
46.83098056874001,-6.632960356966478,0.69540042525067
-16.988893788904672,-0.901673599872024,-0.23223126636447022
-24.64238797632557,-6.69931645560074,-0.9338119657082311
-16.491079539630192,-4.920016695843305,-0.9182908571388173
-25.727777869125255,-9.663837918548943,0.4922081338050693
-21.006721577014787,-10.79243170978279,0.5121607553095229
4.261007961982107,-10.478419434532343,0.5866848694499347
-24.462511118638538,-1.6987510399977923,-0.25238641974878495
1.616961116626919,-20.413832663916722,-0.07710682512822872
-6.009531332404615,7.306794004750036,0.4654391178652336
-18.855247137902733,13.157680443293456,0.39703327143536693
-19.08555639989484,22.167143444791474,0.3505931445415069
34.18561356236337,-8.29725386278818,-0.7484801026182195
-23.436627029534808,26.78693458467314,0.3140282421847395
-17.396560043069655,11.617523790689575,0.4092478157586352
-24.920974954458238,-0.6825458611453491,0.4490353273522607
29.750381625108005,20.840619168186265,0.5044459891595534
-24.822090520660737,-12.696573312442366,-0.9039017275936402
-24.129414373813784,1.2966657789930103,0.4413702703821638
-23.571479592058402,-0.7192020293646022,0.45328678045627974
37.293260317659914,-2.372463097845914,0.6450351885088382
-15.70206967305858,15.072743789048127,0.3968082573973032
-16.15635206069609,11.076592728460248,-0.9985066600285661
-24.512984101858386,-2.6943407619230446,0.4604794537481523
-23.870329034688552,-11.715004259265834,0.5082186357571293
6.7083835472771876,-28.551311462962282,0.6858242069741274
-12.227095725928327,-20.037514329429552,-0.12241082047746478
22.752958494557696,-1.9845720360557428,-0.8149739372316674
-3.8775657705853908,15.748243023262825,-0.27727503488951105
-6.315432411742043,-1.187925810020051,0.5076502687585961
24.24394005111186,-2.018006096980897,0.6039245817603315
2.1532843385030116,31.59379904689784,0.36671007860637583
-3.7686637373139455,-25.2656557339337,0.637579107883781
-21.830883427024823,-27.78316831896762,-0.8182872888103058
-24.498880828443824,-7.696505592185339,0.48592086256312655
-0.7857080914910083,26.67184877378615,0.3828480483399478
-24.651158756449828,-10.693438333417046,0.5006793125490545
-6.773561096621926,-1.175481719727545,0.5062069791603948
-2.92952883191859,20.72427336322065,-0.29968531510254576
-19.181264711681074,1.1622598288557493,0.4569589317635666
-32.01339645160509,7.5129554596674115,0.386056182820025
37.29500699541601,-2.376180185214218,-0.0612151481042732
-17.18636727551846,-0.8926400104760681,0.47340245208733234
-1.3711688168102885,-20.32899683391507,0.6197352032269148
6.0236531658764,-28.536107855981136,-0.02427845722403524
-10.861750412357834,-25.080052415279397,-0.7989682951715831
17.750568217721614,-1.8416274765967307,0.5834678491136008
-16.732276183066993,-0.9120397066775977,-0.9393683058307404
-5.226295183512563,15.785152392756908,-0.28321372372005305
-16.410517914273505,11.09056188122189,0.4148939427938057
-24.120547946096508,7.298563035204019,0.4109218297968493
-19.122669144399833,3.1543156244669217,-0.967216587243879
-19.480114154311224,-9.83354240104548,0.5118907870644163
-24.619731320316784,-9.701000922342347,-0.9185024014310413
-6.917151098640401,-26.18388576331537,-0.075205986058177
-4.081354288535976,14.750026519555012,-0.9807831432360475
115.05459143872395,25.5189410997714,-0.6765685404652791
-24.48363849442125,-0.694425174920107,0.45041311308041504
-23.449329201989507,13.282468900998676,0.38256006537947784
-24.479379189436404,-0.7016061483818854,-0.9637747958723307
-19.342526820814154,-4.83916756573141,-0.21932857468544498
-22.734292654273325,-0.7419424300191388,0.4559242559930322
37.293260317659914,-2.372463097845914,0.6450351885088382
-25.574360880511243,5.337340070210293,0.41650052552145556
-24.53299995137221,16.813151730997927,0.36136818222800543
-24.452919320363375,-10.702218721538173,-0.20664164162927104
-22.476777174288937,-26.76187200564029,-0.11745602130704058
-16.277993795429484,3.084111353910277,0.4559466115951288
-13.502088009127304,-2.9968239461754265,-0.2127772835485127
-24.805396763214745,-12.697026762819595,-0.903849135544131
-0.9137992743059474,10.666230878536993,-0.2442306494626481
-25.292049355073207,-4.673891811026397,0.4681838760247681
-11.044155195993278,5.935949040480775,-0.9570042061539651
-25.146460378495547,-6.678559123539237,0.4788013309837671
-19.181264711681074,1.1622598288557493,0.4569589317635666
-24.48363849442125,-0.694425174920107,0.45041311308041504
81.08767936492833,-0.568041477244073,-0.646434293323566
-24.331612736569806,-1.705976258428264,-0.958229876553719
-4.8604804167192945,12.7775424025012,0.4411224147363042
44.14537206182343,1.4357739932947002,-0.7678968135967411
-21.680330197606686,1.2301416218543655,0.44908587045982773
-24.507255582659766,-12.701455490611124,-0.19665403157457115
-19.26276910512566,-1.8365953247536784,0.47194034684561637
-23.55888361970169,22.288651854258994,0.3365003648078144
-24.337892995282076,-0.6983840410877864,0.4508722700156491
58.00980993124215,7.064983794696683,-0.048438792639712486
-23.04724537031803,-6.735579829658075,0.4854147024789076
-21.97666701300808,-9.769124494140343,-0.20391984657895704
-25.187212575217835,-8.17798670034395,0.48629203852479197
-19.507282285459418,-10.83316078558196,0.5168845920917662
-6.7718144188658265,-1.1791988070958488,-0.2000433574527167
51.407491297287784,4.239583033445343,-0.7602564041735324
-24.4314797084138,0.3045143916863824,0.4454980386661025
-17.893575811198286,30.137616621813816,0.3137131982311654
-1.475582036418215,-24.334651345522744,-0.7744774856164313
-21.84333898449586,-4.767568685364488,0.4790487006239275
-24.681817055539202,-0.6927117188485216,-0.2564670684369954
-5.805770348793148,14.803931888773601,0.4279855801601089
-6.529657216550765,-21.196299107301165,-0.8056380416776644
-21.979179640236836,-9.765660608046865,0.5040177257606773
-19.824489309154917,4.180800702434775,0.4396943289034324
-17.780197884368157,-0.8801795089369417,-0.23472419249568607
-16.732276183066993,-0.9120397066775977,-0.9393683058307404
-21.707498328754884,0.23052323731789007,0.45407967548717776
-25.271413652791825,-6.675165033889309,0.4784076779185801
-24.954105984169242,1.3190667706825538,0.4387721601519298
58.17030609090255,13.066157988009012,0.6295359495358219
-24.53840555525048,-3.6976762338278237,-0.24077707783760913
-17.840574902030024,-4.883360527624054,-0.9225423102428361
20.55083925094461,7.082120627867247,-0.1613702191993795
-5.534089037311196,24.800115734138352,0.37804752988660906
-24.983451591606368,-0.6808488163203837,0.44883850081966725
-21.74323763328767,0.22782437684456547,-0.25228875704548975
-4.766949581221998,32.782128815970474,0.33982916315463196
-16.08242350913331,1.0780864055374642,0.4667215277802027
-11.670864664399435,11.958505998587668,-0.281509478289108
-16.959213030527717,0.09448089857097759,-0.9451626437314546
46.94391239831763,-2.6416677922823535,-0.7387627038114759
54.29551987951682,-0.8406458587653628,-0.7257609748592584
480.10138318298397,-7.404973778949621,0.590301758612812
-5.638502256919122,20.79446122253068,-1.0161651589567366
-24.48363849442125,-0.694425174920107,0.45041311308041504
-1.5316649764707047,-26.3301710272274,-0.05823953894861988
48.04152002835609,21.34413568731509,0.5569910355195438
-31.90472392701231,11.511428997813315,0.3660809627106252
-24.481891816665158,-0.6981422622884111,-0.25583722353269633
-21.517321410717514,7.22785192907322,0.41912304029572794
7.115905514500115,-13.557035694915143,0.6109171315638777
-24.537639605777827,-3.697423032552995,-0.24246431356413212
121.99369659218387,25.330455082788013,-0.6547075686044139
103.54629423110939,2.8233434639414408,-0.5959982068140124
-1.2423294753130472,-1.325725849807243,0.5236325832051858
-32.309733267006486,-3.486310656327297,-0.2669495342187597
-12.380585700659477,11.974388423498798,-0.9916908731003078
-2.297330347660609,7.706138143380318,0.47459434608109197
-24.479379189436404,-0.7016061483818854,-0.9637747958723307
46.65356114295493,32.378691195440844,-0.9174562718570657
-24.02003358714584,16.295370274831676,-0.3407319089976458
-32.23074150079065,-0.4839916166243951,0.4260066230388248
-3.6871593438693595,-22.266800580324272,0.622597692801731
-11.793874841770966,5.95631357838036,-0.9593661245450864
-23.478417641938034,36.29145505292949,0.2656423270684662
-24.379477444967872,-0.6972544880522893,0.45074126227555483
-23.060310228051666,-12.737363044456847,0.5158499163212317
-24.425751189215177,-9.702600337001698,-0.211635446656621
-6.240460447164274,-1.1899622638100096,0.5078864605977083
-23.435638936317428,4.278889893317777,0.4283177553195298
-22.677443764748176,1.2538304529603381,-0.26200092640130207
-24.500901782171237,-6.696094348306641,0.4808351001797489
-18.852734510673976,13.154216557199987,-0.31090430090426746
-24.64238797632557,-6.69931645560074,-0.9338119657082311
46.53970696799164,-4.631401110335498,-0.7298773223392994
58.574158706146896,-11.9607858112663,-0.6564081906295767
-19.14320919908818,7.163364225724533,0.4266024485342799
-23.490975527450665,-4.726483789353704,-0.23239785644965139
-24.446565519874852,-4.696857579233689,0.47084749012504884
-4.520303691891955,-1.2366866595668178,0.5133056461542977
-25.126500406616156,-5.178566770216776,0.47124511957269494
118.55798352392307,-30.592780993517206,0.3268601933694586
-1.7396299452694137,-1.3156133773009944,-0.1858796013951963
215.79949202093317,14.77956958633548,-0.3185464235754319
-24.479379189436404,-0.7016061483818854,-0.9637747958723307
-8.986919854453694,-1.1187561776050052,-0.20871147917603886
-32.47525468112441,-9.480557077452676,0.4709508682849744
-19.881098695333268,-0.8265086474993403,-0.9492883630734513
-24.18375063611018,-0.7025709900799412,0.4513578804368637
118.52940789175567,-31.67211564754178,0.3305662670724736
78.61536900240843,-3.5019554771275843,-0.638984878529577
76.33396092848379,-14.443905723007155,-0.5902988802222091
-8.185376573608373,0.8635799396618351,0.4916004015000174
24.735773611033164,-0.037718289003964005,-0.8188860633394981
50.79206023890059,-6.747619930918825,-0.7063219082786403
229.7787592406054,-17.611550610655772,-0.11196545181303412
-6.293050031704565,-3.1929161202512653,-0.18837626596070312
-24.337892995282076,-0.6983840410877864,0.4508722700156491
-5.583031931348783,13.797525324937265,0.43376669131783263
-24.429554402279415,-2.703672230587019,-0.9534590366224913
-6.344873666772202,-5.195616775417691,-0.8863262282456378
-17.529603369754142,25.125948340531725,0.3402568356286629
132.66009409701974,-1.9688963171827683,-0.4839604465779254
102.54925852077056,7.85220756102595,-0.6245362481009732
-25.146460378495547,-6.678559123539237,0.4788013309837671
-24.365061126430263,-1.698002425624263,0.45586607504299914
-19.82676243303688,1.172728121573611,-0.9592759731281514
-3.4003313459578552,-7.276311696088981,-0.8668909446264511
37.293260317659914,-2.372463097845914,0.6450351885088382
103.57346236225759,3.8229618484779153,-0.6009920118413624
-25.099024785515805,32.33404999954776,0.28085434508910406
-19.013996619807045,7.152789162612825,-0.9871918073532792
-11.627650162911927,1.95037304300461,-0.9385248676922756
25.40502727904719,-14.060886025574042,-0.7456661072090284
-8.985173176697595,-1.1224732649733093,-0.91496181578915
-3.265952666145243,16.235477672579698,0.4283679339228227
121.4460746642351,5.345268365520272,0.8593564408953315
-14.563487575904581,-12.968161140652143,0.5426183247539438
101.3735586817775,-4.1201332437922265,-0.5672874286160449
-24.337892995282076,-0.6983840410877864,0.4508722700156491
34.37153117541587,-1.2927441975710703,0.6307511711430762
102.57642665191877,8.851825945562426,-0.6295300531283232
-23.719379779362107,16.287477660946674,-0.3414743773677202
3.717846628872378,15.545599459915332,0.4529094080869663
-6.944319229788597,-27.183504147851853,-0.07021218103082698
230.56653439897602,-11.630810751686564,-0.13996001665119934
-19.23560097397747,-0.8369769402172021,0.46694654181826645
-19.31710536742205,-3.8358320938266295,0.4819279569003163
-19.0182559247919,7.159970136074603,0.4269961015994667
-19.34001419358539,-4.842631451824883,-0.9272661470250794
-18.90532409521426,11.151262700758727,-1.0071670274626787
-16.132500466444846,-0.9283313369972654,-0.9374787711178434
-17.013375661779882,-25.90964331960096,-0.10701315372528174
-23.19112575598367,13.27545535414606,0.38337351007338005
-23.145030513466118,-5.732567355471669,0.4800272443863707
2.7561753021679345,-1.43433671860503,0.536229481291168
-25.357429521375817,-13.675323038776819,0.5136924623051696
-14.518899634444873,-3.966165136383973,0.4970442346034949
-25.008442246465627,-0.6801699983903975,0.4487597702066298
-22.734292654273325,-0.7419424300191388,0.4559242559930322
22.589949707668527,-7.982282343274597,-0.7850111070675677
-18.96217298473941,9.15548981777925,-0.28924184506834455
-24.350227485123764,-0.7051142794440539,-0.9633679160641534
-24.350227485123764,-0.7051142794440539,-0.9633679160641534
-4.015153104082466,10.75386818794875,0.45394432686035013
-4.49313556074376,-0.23706827503034192,0.5083118411269478
-17.318339654848835,16.113333028183142,-0.31961887796063554
-24.99319991244306,6.321910418874835,0.4132520207239183
-16.736535488051853,-0.904858733215819,0.47481960312200516
-24.929115329309983,1.3183879527525677,0.43885089076496725
43.864769127297414,29.453373745822674,-0.9110039015465822
-24.999984511464426,-0.6874650132644134,-0.9654149120031256
-24.479379189436404,-0.7016061483818854,-0.9637747958723307
36.938940549459424,-6.3713294301537315,-0.7499648064648817
23.11124231341035,-4.991703457483862,-0.09235117306536161
-26.009050978882364,-10.65655408237332,0.49640140595905496
-24.42826381644394,-9.699136450908222,0.49630212568301335
103.18884922119797,-10.164514561570964,0.883109167494283
-11.841076055386516,-26.05041183238293,-0.08902868110001938
49.91360189655276,-2.7223330845384694,-0.7294069876030171
-25.142201073510698,-6.685740097001015,-0.9353865779689786
179.1630304773681,-7.2264096888438525,1.0970614143624775
-28.437086445065606,-8.589888970678983,0.4785933266501253
-24.703161019895763,-9.691669453678372,0.4954360889396021
195.593821514359,7.325562812620372,-0.34156724704355235
-17.22420607288898,-27.908298900909546,-0.8037744025254462
-24.20003138581368,3.2992966377158917,0.4309890072622769
19.944256829484328,5.094214807297927,-0.8593782459876038
-24.337892995282076,-0.6983840410877864,0.4508722700156491
40.97010247394043,-12.475900176148487,0.7074126756422453
13.918187474172582,-28.747150435763288,0.7085379888354137
-19.013996619807045,7.152789162612825,-0.9871918073532792
-24.504430719264157,-0.6938603984023584,0.45034760921036787
-20.529817305993006,-11.812807426380768,-0.895458736355125
87.94425950005312,4.251165509640329,0.05602555305985301
-24.6255199055277,-7.696461347216648,-0.22242358958468514
-24.308703910406464,-0.6991769004300102,0.4509642273716767
80.87033431574278,-8.56498855353588,-0.606483853104766
-15.641397274415484,-4.943096505462837,-0.915614016295546
-24.60086440160827,-6.693379076586695,0.4805201777275993
-24.296226373767194,2.2978835781888343,-0.2704904894196064
-5.75143408649676,16.803168657846555,0.4179979701054089
-21.870507115644052,-5.767187069900964,0.48404250565127765
-19.581210837022198,-0.8346544626591743,-0.9483435957170027
-24.007341840547557,10.293161443377748,-0.31190520026880725
-24.238086898406564,-2.7018077591528926,0.4613454904915637
-22.597844381384267,-7.751812842232593,-0.21434594745914337
-16.386666320022268,-0.9143621842356253,0.47592183170452873
-23.787077963487867,-8.719866193024714,-0.21301311593803196
-11.07558263212633,4.943511629406079,0.46217750782613076
-23.858771478012763,22.296797669418833,0.33555559745136576
-14.164441007824681,-25.987028563619393,-0.0980378638390195
-24.64882475759936,-7.692432684605424,0.48544847888490217
-6.7718144188658265,-1.1791988070958488,-0.2000433574527167
-24.337892995282076,-0.6983840410877864,0.4508722700156491
-25.375005171941204,-0.6702130969933604,0.4476049495745975
57.875715953257256,2.0631747846460007,-0.7297201041160739
-32.23074150079065,-0.4839916166243951,0.4260066230388248
-23.871501184806576,15.291253366060127,-0.33687422540555717
-24.182003958354084,-0.7062880774482452,-0.2548924561762477
0.42437790811634774,4.624074408150662,-0.9157943191294167
-19.503022980474558,-10.84034175904374,-0.8973033168609795
-19.181264711681074,1.1622598288557493,0.4569589317635666
-8.577048589660645,-19.1365777460159,-0.11430145088787039
-24.337892995282076,-0.6983840410877864,0.4508722700156491
-24.690509169904608,-7.691300416298205,0.4853171562223557
-24.331517088976778,0.3017991199664377,0.445812961118252
-17.834377624103023,-0.8787078316647319,-0.23489488046475113
-12.297478358564026,-11.02899975838297,0.5395983739530525
-24.983451591606368,-0.6808488163203837,0.44883850081966725
-6.23620114217942,-1.197143237271788,-0.9063014483550375
-6.480714322513178,-10.193708698100071,-0.8613572031088879
-24.48363849442125,-0.694425174920107,0.45041311308041504
-24.072565484288642,3.2924386619724877,-0.27655491201217064
-5.688153413031882,-1.2083601443631797,-0.19831903825510366
-16.132500466444846,-0.9283313369972654,-0.9374787711178434
-5.855847306104685,12.79751414623887,-0.9762147187379371
-25.407254308532803,-11.673256956571684,0.50337670305533
24.246061649766357,19.989775951728998,0.49218456318872505
87.34830729254892,-17.74415603753044,-0.540361072951559
1.942978690405263,-8.41841204947901,-0.13703248545642835
-13.592163575956482,-4.998759575721701,-0.9091581060264802
231.6490003399189,28.36110560323425,1.0744756912075477
-21.653162066458492,2.229760006390842,0.44409206543247787
-5.524436364067538,15.789581120548435,-0.9904088276896135
-22.951637703458882,-8.738889506310946,0.49587469621183194
-24.540152233006584,-3.69395914645952,0.46547325877550233
-19.23134166899261,-0.8441579136789806,-0.9472413671344794
-24.11876137173328,-0.707731920998381,-0.2563828653701772
48.947436885499265,-26.700972001920757,0.0957105370035263
-13.141293372808946,-16.014926343522514,-0.8518643323345091
-5.525144626142711,4.7893501628556745,-0.22828186841920342
-13.600248073173796,-24.00531060806722,-0.8126750596825546
-1.0875947977127263,22.675227851574423,-0.3057309220515956
-4.273769557830782,6.759467557382765,0.47344716329152575
-12.271505165658274,-1.0261417751305877,0.48888624429216937
-4.436778344719954,0.7617572501639099,0.5034099934556254
57.41319422895543,18.085109428665184,-0.10619172326691781
-24.18375063611018,-0.7025709900799412,0.4513578804368637
-24.30821223690512,0.2977704573552149,-0.26205910735133525
-4.685445187777412,35.7809839695799,0.32484774807258193
19.61663130972105,-1.899380385842479,-0.8248546291678599
-21.132708269657925,21.215328339122106,-1.0649781390399176
-24.48363849442125,-0.694425174920107,0.45041311308041504
-5.144790790067976,18.784007546366336,-0.298195138802103
-24.020741849221007,5.295139317138914,0.4213950502727638
6.771061474279505,17.463378077389944,0.4523694715967529
-18.692238351013557,19.15539075051231,0.36707044127126714
-24.18375063611018,-0.7025709900799412,0.4513578804368637
-24.911695518998474,9.320765572484264,0.39827060564186856
-32.23074150079065,-0.4839916166243951,0.4260066230388248
-4.92995836811117,26.784418508751607,0.3697919933187318
-24.5086291492805,-0.693746356990121,0.4503343824673777
-13.715712630553627,-28.253688742347244,-0.7914513883163171
-24.983451591606368,-0.6808488163203837,0.44883850081966725
-23.29979828057645,9.276981816000154,0.40334873018278
-4.351014646290514,3.753431430311558,-0.9257593305791703
-18.575778266650662,-5.863746642568162,-0.9197791009440615
-22.55818092280644,-6.7525338666611106,-0.21930038717997466
19.749820606462105,-1.8959329109956242,0.5897662981565918
-11.07558263212633,4.943511629406079,0.46217750782613076
-25.16040712934858,0.32431415306821887,0.4432016241450279
-24.875761605060084,-6.685912079356849,0.479654140984188
-20.64994674233449,-26.81488960062275,-0.8196462588949456
14.13553252335814,-20.750203359471488,0.6685875486166141
-32.23074150079065,-0.4839916166243951,0.4260066230388248
-23.58605175084988,21.289033469722526,0.3414941698351644
-21.691681467094238,34.23514419254079,-1.1327712717713314
58.73542081527997,-5.959358416679144,0.019879315819435014
-6.7718144188658265,-1.1791988070958488,-0.2000433574527167
57.93005221555366,4.062411553718952,-0.739707714170774
-1.7267995935485074,28.698124218646317,0.36972444050674264
-24.129414373813784,1.2966657789930103,0.4413702703821638
-16.850366874890714,-19.91193301238211,-0.13697598388938154
-12.271505165658274,-1.0261417751305877,0.48888624429216937
-25.173628509643745,-7.678177508075714,0.4837951360111169
-1.0086030314968963,25.67754689127732,0.387225235205989
18.423183189925243,41.15542537565922,0.3671728474197947
-24.373927554147546,-7.69989968183527,0.48631451562831346
-17.777846094727334,-0.8765737477091553,0.47153905593796347
46.717332680964965,23.37375183662826,-0.8715408057684868
-17.136385965799946,-0.8939976463360404,0.4735599133134072
119.18285054033156,-7.601558149178275,0.2120026777404094
-24.546528139311874,-4.694142307513744,0.47053256767289947
-23.870329034688552,-11.715004259265834,0.5082186357571293
-24.672068734702524,-7.695470954043741,-0.22088058834124655
-24.602646660945076,-0.6948622140507179,-0.25621764985489304
-22.400565504176072,8.248530080685887,-0.29499476872059804
53.915166043442085,-14.835303242276025,-0.6558477044763588
76.35686975464714,-13.437106365008901,0.8188952237031867
-6.1003604864384435,3.8009486854105905,-0.9312704734917873
-5.688153413031882,-1.2083601443631797,-0.19831903825510366
-9.714161472600878,-1.0956065715419323,0.4969429053855112
24.19211641604423,-4.020706752147323,-0.09402538052460313
-24.453957736044302,0.3017293235228943,-0.2625182642865693
-24.18375063611018,-0.7025709900799412,0.4513578804368637
-5.73321023986851,6.7957145201934805,-0.2390961499107959
27.85768515963985,23.886034006215063,-0.9309562800481864
-24.846415997622948,-4.685996492353911,0.46958780031645075
2.2935358244563027,17.585000528269703,0.43826346512007025
-21.567398368029053,5.221434186538491,-0.9850772586023179
-8.089768906749228,-1.1397297369910329,0.5020603952329415
-6.018856092993859,6.799803839020018,-0.9462518885738375
-24.229220470689285,3.300089497058116,0.4308970499062493
61.29290324010854,-1.0307148791614902,-0.70371640320879
-24.500901782171237,-6.696094348306641,0.4808351001797489
-25.008442246465627,-0.6801699983903975,0.4487597702066298
26.16573495119665,13.928428741447279,-0.8854926479748274
-25.004243816449282,-0.6802840398026352,0.4487729969496202
-24.14403685506881,11.80080463178584,0.38799055023854045
-21.132708269657925,21.215328339122106,-1.0649781390399176
189.4655561856869,-6.50589951494393,1.124439118036484
-24.009854467776307,10.296625329471222,0.396032372070827
-20.87088092127381,-5.79433978710041,0.48719173017277295
-6.942572552032498,-27.187221235220157,-0.7764625176439384
-25.004243816449282,-0.6802840398026352,0.4487729969496202
-25.30309325907943,-11.676086269703868,0.5037048522504698
-9.876539854217542,-1.0982611870465628,-0.9177699792949678
-23.515396652005915,1.276317652340045,-0.26295116621153164
-6.556825347698959,-22.19591749183764,-0.8006442366503144
-5.228807810741319,15.788616278850386,0.4247238486195814
74.21307180234395,-1.3816637489643389,-0.66301267626846
-17.736161682422097,-0.8777060160163721,0.47167037860050987
17.09200563863218,-7.83294239867764,-0.8023318419357931
38.964322653667196,5.577931565044916,-0.8045367851065389
-1.4818800859208434,-20.32965924059843,-0.08686942114486487
-1.4275438236244526,-18.330422471525484,-0.09685703119956478
-6.129275295342737,2.8050473882424187,-0.22002633185132606
74.75217512032302,18.617884915226952,0.6512991321372865
-5.262407725829242,34.79629957950311,0.32810947961310943
-6.480714322513178,-10.193708698100071,-0.8613572031088879
-18.37091075410437,-0.8638600448951995,-0.23827482437157804
-11.577573205600393,3.956790785539339,0.46567543120577043
3.964671146580714,-21.47768555052705,-0.06632084758884996
78.3147728820222,-14.494040619660511,0.12219731338438425
-6.267628578312469,-2.1895806483464857,0.5128802656250583
-24.404468099827128,-0.6965756701223031,0.45066253166251746
-25.16893840612604,-6.681344191702726,-0.22921497196890478
-24.617397321466317,-6.699995273530725,-0.9337332350951936
-4.766949581221998,32.782128815970474,0.33982916315463196
7.902077724219827,18.425947499545252,-0.9633480954096979
195.20920837329942,-6.661913597428509,1.1425339322920929
47.69259362841439,8.341915714879127,-0.7922774080776523
-14.61564136457797,7.033317206935259,-0.9733352194586988
-24.48363849442125,-0.694425174920107,0.45041311308041504
-24.011875421503724,11.29703657334992,0.39094660968744954
-18.735787876792344,-0.8505532988169258,0.4685211540790142
-24.18375063611018,-0.7025709900799412,0.4513578804368637
-24.182003958354084,-0.7062880774482452,-0.2548924561762477
-8.19844143134201,-5.138203275136935,0.5220356153423414
-24.582406175615827,-9.694949501916067,0.4958165152617987
-11.13470464553344,-0.06033383443456283,-0.2188676118111185
-25.004243816449282,-0.6802840398026352,0.4487729969496202
-24.26829229314634,3.2977551640001397,-0.2771715301734794
-20.808437373635687,33.21446604092812,-0.41865346275500565
19.91267786812382,23.101486864071962,-0.9509068526106981
-5.6332476204314865,6.792999248473535,-0.23878122745864636
-24.479379189436404,-0.7016061483818854,-0.9637747958723307
-24.50976820988852,-12.697991604517654,0.5112835407650632
-17.980674862755855,-9.874271476844653,0.5166146238466595
-19.068332882103437,5.153552393539874,-0.977204197298579
23.951471512121064,8.986792748365986,-0.867071490463171
-17.77609941697124,-0.8802908350774595,-0.23471128067514796
-24.197518758584923,3.295832751622418,-0.2769485650773575
-2.3192007581430234,-4.304609259679003,-0.8787231351870055
78.91421844503857,7.493846752773648,-0.6939167338304262
-5.534089037311196,24.800115734138352,0.37804752988660906
8.096604597501004,6.423452682039611,0.5124188167450328
-23.521498282339895,-0.7205596652245745,0.4534442416823545
47.12206287430229,-12.650070360386861,-0.6874075025033032
-16.720154093421264,18.101466931576944,0.37836269534160816
47.81154591730378,29.34983760025317,-0.19231412807356346
-24.346759422999348,-6.700281297298796,0.48132071060096354
-24.18375063611018,-0.7025709900799412,0.4513578804368637
-24.918227947865287,6.319873965084878,0.4134882125630305
46.66299641866858,21.374515067555308,-0.8615531957137869
-24.467257099790665,18.311900489872652,0.353956205300018
-24.481891816665158,-0.6981422622884111,-0.25583722353269633
-5.995947266830517,7.806603197018272,0.46294221535155866
-7.872423857563668,6.857217339300773,0.4621099550141418
0.7611822184122984,-1.387212257667915,-0.8842568767045689
-31.66021074667856,20.507994458641594,0.32113671746447536
-25.008442246465627,-0.6801699983903975,0.4487597702066298
25.250221425092782,18.95874810455738,-0.2075180222460362
-5.345247472401955,-5.222769492617138,-0.8831770037241422
-24.337892995282076,-0.6983840410877864,0.4508722700156491
10.15340914050775,-1.6352668258809355,0.5595337427502348
-23.74906053773905,15.291323162503673,0.3714569999992642
-5.497976494994516,5.788968547392151,-0.23327567344655337
-16.469209129147774,7.090730707216013,0.43502662412928045
-24.283556732985677,1.3008527279851647,0.44088465996094917
-1.766798076417609,-2.3152317618374703,-0.18088579636784635
9.174166478264338,-7.617871156284263,-0.8272762195256548
121.50467023151634,7.337324161131443,-0.5648190781121143
-0.6668361514749839,9.65889229549584,-0.23668357196536385
-25.18337683048043,-0.6754182728804943,0.4482086559153682
-16.732276183066993,-0.9120397066775977,-0.9393683058307404
-24.48363849442125,-0.694425174920107,0.45041311308041504
-23.993573718072806,6.294757701675389,0.41640124524541394
32.640547913667376,-6.254572746196112,-0.7635064719073122
-17.67311551496995,5.122719562922428,0.4413926259842604
-16.189349355969995,-2.924104219976743,-0.21955358872350883
6.1069042370770825,-25.540969789740007,-0.7455102089191966
-21.78900272219947,-2.768331916291537,0.4690610905692276
-17.809112693272446,-1.8760808061051133,0.4765199491447752
20.68667990668559,12.080212550549629,-0.18633924433612936
-16.709758258829368,-8.911832507348205,-0.19240636143198392
-24.56965436300525,-7.69458317980762,0.4856978974670046
-16.32693668946707,-7.918479055290816,0.5116657730263524
0.9745251301016169,31.62581753101942,0.36299651305062824
-19.097482197020458,28.169605477520236,0.3200792000861455
45.51249963473073,-9.605280955091132,-0.707716460708367
-24.39222925757846,-2.697620810160738,0.46085988007034906
-24.500332251867235,-0.6939717245428763,0.45036052103090607
-0.8267002227483806,50.67811897719548,-0.44713207507814234
-24.55431138405558,22.315690530046208,0.3333643670293092
-1.6309574206766326,2.6828601608449083,-0.2058548215045962
-32.23074150079065,-0.4839916166243951,0.4260066230388248
-4.855618491920422,-20.2380188200503,-0.09749805390491224
-19.23134166899261,-0.8441579136789806,-0.9472413671344794
-24.20003138581368,3.2992966377158917,0.4309890072622769
-5.909049505127127,1.8021047104995558,0.4936923516460322
7.796855470961098,11.429706831128444,-0.2201783307329827
-16.136759771429706,-0.9211503635354871,0.47670913783490254
-24.596822494153432,-8.694201564344095,0.4906917024943546
36.938940549459424,-6.3713294301537315,-0.7499648064648817
-5.045795409957789,-27.235347511805628,-0.0625414187134625
24.246452678340617,-2.021469983074372,-0.10401299057930309
-13.715712630553627,-28.253688742347244,-0.7914513883163171
45.01565194247545,17.42150591947186,-0.1401695716930749
-24.582406175615827,-9.694949501916067,0.4958165152617987
4.0192086987312825,26.537937803723093,-0.30996001955351776
-24.683563733295298,-0.6889946314802177,0.44978326817611586
-24.815145084051423,-5.694267527624374,-0.9394356156398801
-24.337892995282076,-0.6983840410877864,0.4508722700156491
-9.50676103677211,-11.111868931038206,-0.8658110716460243
-23.990770833845435,-7.7103073183378195,0.48752161338740274
-24.400208794842275,-0.7037566435840816,-0.9635253772902281
-25.753199322517357,-10.667173390453723,-0.20904839778069217
41.1331112608296,-6.478189868929632,0.6774498454781455
-24.337892995282076,-0.6983840410877864,0.4508722700156491
-16.62611628570297,3.08989771756178,-0.251405953600506
-19.37144162971844,-5.835068862899582,0.49191556695501637
81.81695960094477,26.428835878702547,0.6329208798907308
101.9695108892817,17.875188303378547,0.02909919739536731
-24.682424672687283,11.31525061604731,0.38883410987843026
-6.136611760526291,17.813987538227796,0.41170510996294196
-24.520398423844604,7.309424122083798,0.4096621399882512
-24.523536332363264,-8.699587862815292,-0.217022904749158
41.35045631001516,1.5187572073621742,0.6374994052593456
-19.31710536742205,-3.8358320938266295,0.4819279569003163
-24.458647839561998,-0.695103992850093,0.4504918436934524
-23.77622866888725,14.291704777967198,0.37645080502661415
19.754079911446965,-1.9031138844574027,-0.8244216107961541
7.084956958412114,10.445292053573112,-0.9252871899037955
19.831324999906695,1.1029222426138028,0.5747848830745419
-20.593604951678874,41.21487700331339,0.24933366936582907
-19.151583953304122,2.1584143272987504,-0.25597244560341775
-32.23074150079065,-0.4839916166243951,0.4260066230388248
-24.73032915104395,-10.691287838214851,0.5004298939669519
-24.278839095128863,-4.201235335957605,0.4688361980325885
-22.660142390154107,-10.754585332312725,-0.9072495126672189
15.060995660152882,13.233104627400389,-0.20745215892639624
480.12680463637594,-6.4016383070448395,1.2915582901985734
-24.094536666346684,-0.7086639402031967,-0.25461689903061685
44.445121188363345,-3.570480155794132,-0.03529966611872563
-23.2265349069107,-8.731422509081096,0.49500865946842065
14.271373179099117,-15.752111436789106,0.6436185234798643
7.624060276391166,30.444840717764404,0.3890246185019511
9.251411566724066,-4.611835029213058,0.5719302743450412
7.061569252203726,-15.5562724639881,0.6209047416185778
-22.308256583423525,-9.756721933544807,0.5029810010482011
-24.709536926201046,-10.691852614732596,0.5004953978369991
178.67883295198942,-19.224598960198428,-0.2577125832468119
24.831968598986677,0.963694770523095,-0.11740656665761494
-19.466832581355217,-24.84631367981141,-0.8260777646199728
24.246452678340617,-2.021469983074372,-0.10401299057930309
-25.089946639910217,-3.679025151999825,0.4637411852886798
-4.821285843518389,30.78289204689752,0.3498167732093319
-18.083752729235652,23.14028793005849,0.34866983342261504
-23.74906053773905,15.291323162503673,0.3714569999992642
-24.496072946882382,-0.7011526980046545,-0.9638273879218398
79.1816404515357,17.497211571600182,0.6703331248488197
-24.203247277783547,13.302947480310502,0.3801849202453659
194.94178636680238,-16.665278416255042,-0.22171592638715304
-5.760378371016705,5.796096135657005,-0.23410234488344595
-18.05187919585011,-10.876363354301699,-0.1847861422221864
-24.57343978527911,-3.6930549609767787,0.46536838959893645
-24.433813707264264,-2.696491257125241,0.4607288723302547
-5.941611004534127,9.805839966091224,0.45295460529685855
-18.269670342288165,16.135778264841385,-1.030561440338681
-5.5702014529793376,12.793424827412334,-0.2690589800748957
119.10385877411574,-10.603877188881178,-0.4809534795171751
-16.988127839432014,-0.9014203985971941,-0.2339185020909933
17.150540330944917,-5.833819671016926,-0.8123062252475027
-5.690666040260638,-1.2048962582697056,0.509618534084531
20.29569585665477,18.092970893640416,-0.218047374730042
-22.72381828057111,0.2581294048945676,0.4508778589161733
-18.583565826420777,23.153864288658212,0.34709522116186736
-24.828114294192037,-9.688275364028444,0.4950424358744151
195.48514898976632,3.3270892744744684,-0.32159202693415245
-21.757575286066423,-1.7758945052168396,-0.9501206234108681
-16.736535488051853,-0.904858733215819,0.47481960312200516
-24.32280718382102,4.302987929832285,0.42552281855670254
0.16348333315200175,-23.378816717470375,-0.7743931661028697
-25.478027843094218,-11.671334544193964,0.503153737959208
-19.07259218708829,5.160733367001652,0.4369837116541667
-18.63790208871717,21.15462751958526,0.3570828312165672
20.824753916349938,-2.9288831705449656,-0.10971332218204759
-23.788824641243966,-8.71614910565641,0.49323722067507936
-11.179995851734256,0.937857117798397,-0.9320351810172152
-24.491874516866027,-0.7012667394168924,-0.9638141611788494
-6.321964840608859,-4.188817417419437,0.5228678756797581
-24.388461626094944,-3.7017491414077406,-0.24030469415938474
179.05918678806412,-5.229941576687768,-0.3276258536297116
-13.91212260357899,-17.98763582812909,0.5700673642013712
-32.23074150079065,-0.4839916166243951,0.4260066230388248
-19.37144162971844,-5.835068862899582,0.49191556695501637
-19.37144162971844,-5.835068862899582,0.49191556695501637
-16.123175705855605,-0.42134117126724946,0.4742122353212277
2.6765182314065363,18.57128433300584,-0.2718652211948775
480.0996365052278,-7.401256691581318,1.2965520952259233
-24.337892995282076,-0.6983840410877864,0.4508722700156491
-24.337892995282076,-0.6983840410877864,0.4508722700156491
-2.239443042454537,-1.3020370187012709,-0.18745421365594403
46.807128974488755,5.371963708491038,0.6343725363399467
229.86026363404997,-14.612695457046337,-0.12694686689508408
-16.245432296022482,-4.91962390168139,0.4966843579443025
-24.224686889733118,2.2962143670859425,-0.2719547600500075
39.88377980772098,39.57213761274687,0.4398617529163079
-12.314328638571526,-13.029254754350898,0.5497040799273086
-19.177005406696225,1.1550788553939706,-0.9572289771891791
20.60489623993562,-10.922366360743295,0.6381746903763866
-24.402134100976667,2.3044299786893205,0.4354316979983651
-9.887114872846844,-25.10652631454887,-0.7958978012631249
-20.355590984053386,-22.817790109583434,-0.13278066279345374
-22.598451998532344,4.256149492663239,0.4309552308562824
-24.473733651023043,-5.696475963770165,0.47584129515239887
33.29258306122406,17.736268482679307,-0.8833577925637116
-18.476154079473524,-28.200740351491728,-0.09978650234164999
-24.437855614719094,-0.6956687693678417,0.4505573475634996
-21.006721577014787,-10.79243170978279,0.5121607553095229
-24.020741849221007,5.295139317138914,0.4213950502727638
54.3770242729614,2.158209294844064,-0.7407423899413084
-17.736161682422097,-0.8777060160163721,0.47167037860050987
-24.75521916097611,12.317584272303733,0.38352538239893075
-25.21907623840609,-8.680695002187916,-0.21921413517121457
87.94600617780921,4.247448422272026,-0.6502247835532584
-24.78466541334034,-12.690524607287802,0.5104175040216521
46.327543569176584,20.383270581003142,-0.8575306115288661
7.354455796271066,-1.559239217722485,0.5507159140900474
-24.413971488794665,1.800903699052778,-0.26832173610107124
-8.089768906749228,-1.1397297369910329,0.5020603952329415
-23.762694925776696,3.2874173239411344,0.4323667929904312
-22.842965178866105,-4.740415968165041,0.47589947610243205
-23.836114822003967,19.29511320267722,0.3508651617285555
-20.945043978849313,28.216120916970915,-0.3919972018917327
-25.008442246465627,-0.6801699983903975,0.4487597702066298
-8.528708315437077,24.874392912274917,-1.0455880526306232
-24.75531980590321,-10.690609020284864,0.5003511633539147
-24.48363849442125,-0.694425174920107,0.45041311308041504
-20.381012437445484,-23.82112558148821,-0.8340371943792153
-24.496133821850886,-0.694085765955114,0.4503737477738963
179.43954062413886,8.764715806822892,-0.397539124012611
-25.40750647868736,-15.68174078131155,-0.8905078365928762
24.453361440668033,-13.03467970035587,-0.7537436328878265
-2.214787538535097,-0.2989547480713209,0.5154895536563403
-8.7895072428084,-1.1207228349514204,0.49985593806789475
-25.264881223925006,-3.674273426489921,0.46319007099741794
-25.06495598505096,-3.6797039699298106,0.46381991590171723
-25.00516547952727,-10.690887773034545,-0.9146372784721953
-3.6599912127211636,-21.267182195787793,0.6176038877743811
-12.394459465395375,-28.03581904158133,-0.08230291903259018
47.42867945400029,15.358644102835987,0.5855367146489705
-24.48363849442125,-0.694425174920107,0.45041311308041504
-6.566478020942619,-13.185382878247715,0.5678121209259079
37.29500699541601,-2.376180185214218,-0.0612151481042732
-1.5464157636404772,-1.3174659932351713,0.5226745891057469
-24.41939738872665,-3.6972391946972127,0.46585368509769887
-18.936751531347316,10.158825289684033,0.4120146865174168
-5.736443922628729,19.796765250371923,-1.0113943190255088
-23.464923668786064,2.2719073742652984,-0.9758170397084689
-24.949907554152883,1.318952729270316,0.4387853868949202
-8.03368596669674,0.855789944713614,-0.21417755143486975
-19.07259218708829,5.160733367001652,0.4369837116541667
-5.904790200142272,1.7949237370377777,-0.9204955573067136
87.26505622134822,-20.739294103771563,0.1808706787436022
-24.464009521036058,-28.2881820948064,-0.1173808061642767
-25.28300429897763,-1.6764640897204857,-0.25497130323602846
-24.377143446117415,2.3037511607593344,0.4355104286114026
-31.93189205816051,10.511810613276838,0.3710747677379751
-24.72858247328785,-10.695004925583156,-0.20582044264615926
-18.936751531347316,10.158825289684033,0.4120146865174168
20.98950938099521,3.0651100493055843,-0.8459264889592588
-24.400526154991738,-2.6973954426079825,0.4608337415068206
-7.790919464119083,9.8560724929102,0.447128539932092
-21.544489541865715,6.228233544536745,0.424116845323078
-1.5633844793654292,-23.32851439420786,-0.07188800606281495
-24.115830308239687,1.7964749712612484,0.43887336786848874
-32.23074150079065,-0.4839916166243951,0.4260066230388248
-24.442797888391336,-5.700985910480693,-0.23031708410468477
4.841130514369364,1.510098959193266,0.5275597419950994
-25.375630579879644,14.33514912548631,0.37141204579222137
-4.830197038528325,-19.234683348145523,0.6037584776808491
61.89060212536883,20.960889580640977,-0.813580113810489
-23.596135095977846,-1.7222842999945525,-0.24965698685600476
-31.9590601893087,9.512192228740364,0.37606857276532507
-19.783313552185184,-1.8295211216857468,-0.9439009049809147
6.735551678425381,-27.551693078425803,0.6808304019467776
-25.28333944991745,-0.6727030011605498,0.4478937334632187
24.24394005111186,-2.018006096980897,0.6039245817603315
4.0285992071522605,-28.481916462994484,-0.030563679524036026
-24.481125867192503,-0.6978890610135815,-0.2575244592592195
48.66732981285247,31.323635108198264,-0.9060326951241782
-18.130870962065934,-13.878682394004601,-0.8777422994797707
-14.223395852416262,-28.156200458063545,-0.08720130692967001
-25.004243816449282,-0.6802840398026352,0.4487729969496202
-24.51531810070885,-5.695346410734668,0.4757102874123047
-24.205525398999573,-10.70554301474456,0.5020832368407372
51.19958220612352,8.246655837128309,-0.7812289836888897
-23.76165651009577,-7.7165307211199305,0.4882434156477295
-24.18375063611018,-0.7025709900799412,0.4513578804368637
24.355125202933394,1.977003555071532,-0.12398821068870293
-2.539330900765611,-1.2938912035414367,-0.18839898101239272
-24.526048959592025,-8.696123976721816,0.4909146675904765
-22.06068403368142,-12.764515761656295,0.5189991408427272
-1.183733908031802,0.6663299458039299,-0.90054293580226
-25.619055022068927,5.8387322658912595,0.4138200232181774
-23.870329034688552,-11.715004259265834,0.5082186357571293
-24.30320989722057,13.305662752030447,0.37986999779321634
37.293260317659914,-2.372463097845914,0.6450351885088382
-24.1477160772447,6.298944650667545,0.41591563482419935
0.7569229134274438,-1.3800312842061366,0.5299310322481768
56.844410152599416,-2.9105937339691135,-0.7075721543056798
-1.6194674194179188,-25.324034075912508,0.6443499406049964
-23.208913806745016,45.287341695827784,0.22077681243535388
-17.505088280720376,-19.89442290606506,-0.1373489708448209
6.832772288603523,-13.556410262182084,-0.804176179438798
-5.804023671037051,14.8002148014053,-0.2782647564530025
-23.151658589925955,-10.741234341265757,-0.9087979863644381
133.04044793309444,12.02576106632789,-0.5538737169608252
-5.06328639662339,21.78286269997576,-0.31317655388415283
-13.084053581358088,-5.012561301874181,-0.9075573552022042
-25.004243816449282,-0.6802840398026352,0.4487729969496202
-17.77452955783038,12.127968702284834,0.4055173619998904
-20.9252171835702,-7.793576556173362,0.4971793402274729
-5.763612053776925,18.797146865835455,-1.0064005139981589
37.29500699541601,-2.376180185214218,-0.0612151481042732
-19.344273498570242,-4.8354504783631045,0.48692176192766645
-18.850987832917877,13.150499469831678,-1.0171546375173788
-18.400530637512823,-1.8670814753877412,-0.9395445827003298
18.327687278334974,1.1437653598252107,0.5700478195493083
-22.734292654273325,-0.7419424300191388,0.4559242559930322
-21.75112571133634,-24.780596077989884,-0.12701836727924437
-24.39222925757846,-2.697620810160738,0.46085988007034906
20.824267240182664,17.074587385863705,-0.9175586060859904
-27.096769873198447,4.37833672006075,0.4167837205095525
-22.717911259642737,18.264383234773618,0.35946734821263504
-8.23545353091991,-1.1428378028728945,-0.9125998973980287
-25.35736864640732,-13.68238997082636,-0.9005086733905665
-22.605966965445653,-8.748278915918512,0.496963698051365
-24.582406175615827,-9.694949501916067,0.4958165152617987
-24.337892995282076,-0.6983840410877864,0.4508722700156491
51.661440435642845,25.240168374248395,-0.8661236691538391
-6.317705535624007,-4.195998390881215,-0.8913200332729877
-24.2020523395411,4.299707881594591,0.4259032448788992
-21.879234811590166,-6.770975992182976,-0.21716143388497486
-21.734666459903078,-0.7690951472185854,0.4590734805145278
-25.264881223925006,-3.6742734264899215,0.463190070997418
-2.8160324693710104,9.71727063747465,-0.24345440468657922
-19.26276910512566,-1.8365953247536784,0.47194034684561637
-2.482209545032195,-10.302319566897856,-0.8487603050229059
-8.787760565052302,-1.1244399223197246,-0.2063943985452167
-2.293779304750927,-3.3012737877742224,-0.1774666036012441
-24.37496596982847,3.3040483632257946,0.43043789297101515
