Feature_0,Feature_1,Feature_2,Feature_3
-25.14977339546332,-7.06103157960832,0.36591826412408074,-0.2965025278786122
39.291069917428,7.307225289572788,-0.8747905820887959,0.5128540767763136
-24.37046591481777,-3.084291682858364,0.33211337609887814,0.7197168744904592
21.037477351340772,4.778972898697172,-1.090879619345583,0.5112117361163
-24.015928754539836,5.911724222426898,0.6036886270121133,-0.22255331867562825
-23.744032705417627,0.6029559961276564,0.5133145235059084,-0.2533362530076506
20.28705967819816,23.80518141845084,-0.6541205221646978,-0.37247962387265215
-11.844025610779081,-27.40847175232294,0.13497619197377717,-0.42317165387039835
-21.137665418246517,-2.1677651792683705,0.37858977501922064,0.7227088521927982
-2.5321352719401102,-15.63291616413849,-0.6760299381768813,0.5211141100133122
-16.164231522208073,-25.300126239884897,0.020459501857283804,0.5858927696038464
-4.911388975162249,28.453979004518203,-0.9207022849426302,0.666008162039659
-24.40148021191795,-9.080711677532928,0.3376064511546095,-0.30867030306888316
-0.6968231148312329,9.309089915638133,0.8826763093526533,-0.21949001924115125
-24.749680534660893,-15.076409457779379,0.11861346118555732,0.6508839546643542
-15.543818854976797,25.710290854572136,-0.07477451509550158,0.7685576372888916
-3.797043912703042,-27.61665123857611,0.2070821599106514,-0.4300696043282375
-19.194760339010404,0.5035364452438588,-0.4396476053829225,-0.36796068342921934
-14.170726326567372,1.6526393325733362,0.5110518604278637,0.7397893867793833
-24.975123440458255,0.6310631618263388,0.3914612434159439,0.7415538200481072
-6.063383754304927,5.465555229862547,-0.2291718310831784,-0.3486671638951901
-19.084212908397852,4.802249977893127,-0.36335506307774057,-0.3432687488648553
-24.54904271942824,-14.081439372120894,0.1379197939514969,0.6564751315125021
3.2624055121461826,-1.758560040798253,-1.261892844421279,-0.5077282294048456
-11.688058181720994,-21.415284358366538,0.13060277480526722,0.6051084126569902
-0.6083218804543249,8.302897882300211,0.7551389022158049,0.768505721307293
-24.9768702865651,0.6348501278538727,0.5022675309274554,-0.2522794527219794
230.44577480073784,-16.63735488792911,0.6162352048019698,-0.7543404981971216
-24.321168729044427,0.6141450227074782,0.39732108493449086,0.7409932437512726
-24.306321799227288,0.617502699359633,0.508276063013425,-0.25285425336385753
-4.205436554954206,10.436565059226838,-1.1187074448252796,-0.4321687367720277
114.28699889018927,-2.935173522027344,-0.34811628897247004,0.4007274829072888
-24.450320286235904,0.6174862388098273,0.39616380654226174,0.7411039537139003
-20.76076577181194,36.850765245505094,0.18189375434056335,-0.15741029485349775
49.91570655991851,-2.9655045335963535,-0.8438502098388848,-0.5477198898058044
20.116066957449146,11.807676837692938,-0.8657546391747606,-0.44149103352240554
-24.972671861331325,0.6347415124697408,0.5023051514324659,-0.2522830516526531
-24.375776781426076,-8.08121595086894,0.35534526287844315,-0.3029291707759995
-14.504870922961736,-11.340805114058512,0.280447308018027,0.6651546669718957
-21.363450658607153,-15.164012937243058,0.14895618992917992,0.6479812456984001
-22.461199051655814,10.868564241531631,0.5943404980340612,0.7987645497946008
-11.265389630441172,-2.404893520748214,-0.5266749278741003,0.6035214918099882
-24.306321799227288,0.617502699359633,0.508276063013425,-0.25285425336385753
8.689211983225455,-26.92498565428659,-0.7680731005049236,0.4481002419904745
-24.596172755809985,-10.079577344603079,0.207531451382169,0.6795681939223817
-24.15217961564426,0.6135149631136404,0.5096572729830978,-0.252986385532876
-16.704972950965196,0.42085196030790656,0.576388883061323,-0.25937020303733577
-24.450320286235904,0.6174862388098273,0.39616380654226174,0.7411039537139003
-10.528089807020914,0.26105286944385386,0.6317376031949297,-0.26466508694653823
-14.70479593409406,-11.335632952909366,0.2786558553984773,0.6653260446230223
6.8900128901821835,-22.89232736594551,0.3903873099997864,-0.4104148250639341
-24.625683045341482,-8.074750749432505,0.35310594710400606,-0.3027149487120914
45.01766574346643,18.160842920865868,-0.6308832940225984,0.5713400042466872
-6.215857491149319,-0.5352060961489181,-0.4464109889376914,0.6107193151175946
30.682704214220678,34.538008398266825,-0.3683756496215376,-0.3179960500666861
3.3060786644848768,-0.06029921346359292,-1.231752516383459,-0.4979733702119077
-21.915673297839422,-8.130329420401916,-0.7271590607434597,0.5780720247368242
-25.003493298424075,-0.5637714515329264,0.48103422925656325,-0.25916734469914915
-5.083395975546464,-24.568359946139683,-0.8564672598886379,0.47143258564103047
14.202622326109111,-19.080865520730672,0.5259468169876308,-0.3936306024361466
-25.170565596621255,-7.060493674848851,0.3657319530516449,-0.29648470460289295
48.004501640113844,7.081804404128841,-0.7967128068446525,0.5053848389184452
51.65637587587424,13.99219515683786,-0.5306083480016304,-0.4512381944897777
-4.970177744904781,-25.58598029820961,0.2315871360635768,-0.41753765162932066
-4.470204568517996,0.1408771665936374,-1.3014328574734633,-0.4913074650936938
-16.959077640114383,0.42742577712847263,0.5741119467818754,-0.2591523820427541
-21.71004585390443,-0.13436360709000852,-0.5852485669527909,0.6240010830798935
-24.318924248881665,-10.08300812945918,0.32083771102426206,-0.31450423635985175
-24.601796789244432,-12.079753222834212,0.17246407058437868,0.6680466838545065
-23.634989282373958,-3.0995770610682603,0.4495256451449819,-0.2747483533681559
-21.63468240853565,2.8679105389294905,-0.4212258442697786,-0.3526087928115421
14.332886324675323,-14.087173853438262,0.5038345880952871,0.6289083317983581
41.05895836273578,-9.755773216355758,-0.05204519807380177,-0.46974520813809023
-17.845460847498554,-3.24935508970584,0.5014034258282111,-0.2797111930783009
24.334596475556236,1.660389619438152,0.9844139684215099,-0.28128935260898513
-24.67281308172323,-4.072888721914691,0.42271760453467816,-0.27962188630221196
-24.306321799227288,0.617502699359633,0.508276063013425,-0.25285425336385753
-24.15217961564426,0.6135149631136404,0.5096572729830978,-0.252986385532876
-3.942794807227398,-28.764796167483148,-0.808435238393327,-0.5474123191099214
-19.719358189589695,0.79602455765454,0.44382417008897035,0.7387825620988675
-23.400429548055662,-7.1062879896634,0.3815934745451377,-0.2980020823259664
-22.720693006781733,-0.1227483058883501,0.5102437881608469,-0.2582426004035969
-24.412834346648594,0.6165164585943622,0.39649970390842726,0.7410718204043141
14.858056157820974,-2.058545387448792,-1.1579885924873978,-0.5176681331701791
-22.018487019806912,-12.12831232705787,-0.7981143076387939,0.5551074955652896
-16.268513335256106,3.707231518254646,0.5272713682153719,0.7531139611147598
1.8108356564066923,-13.759480295445384,0.5024511553075005,-0.3541924155699352
-24.15217961564426,0.6135149631136404,0.5096572729830978,-0.252986385532876
230.55033536881217,-12.643158947300691,0.5763841641857924,0.26245730374449966
-24.298666489950453,-5.082728770876974,0.40856169804994386,-0.2857057738973486
-24.170149337491086,-0.08525013755703276,0.4972557566691118,-0.25700011243293025
-24.597206797816494,-9.075648131767913,0.33585261904007035,-0.3085025243484304
29.390440565111998,15.568386851631761,-0.712616503357585,-0.42638845409629617
-11.726955806804916,-3.4076439095143423,0.5562290417969092,-0.2849560347133744
-24.198746467264158,29.920310306959205,1.0222542979059208,-0.08408063304191471
-24.15217961564426,0.6135149631136404,0.5096572729830978,-0.252986385532876
3.5221701512181673,41.24162927525299,-0.5066999934245099,-0.26013478472423457
30.981743047824914,-7.476476758824634,-1.1010527804844437,-0.5603053409611422
-9.086215505674813,4.539854954408233,-0.38458871961176855,0.6419956413489094
-6.0890871847968,4.466059503198558,-0.24691064280701197,-0.35440829618807373
-24.348248105459135,-1.0845450940025616,0.3673294474640939,0.7312241602132911
-24.306321799227288,0.617502699359633,0.508276063013425,-0.25285425336385753
44.854313512162996,-9.835688547546118,-1.0117628947909545,-0.5837233734372613
-23.46336215689284,3.897107670267347,0.5736229819281057,-0.23455331514544855
-24.08947502551379,7.913948276473092,0.638046592572562,-0.21096394305790692
-24.349994951565975,-1.0807581279750278,0.4781357349756055,-0.2626091125567954
-24.77387995758388,-8.074658594598178,0.2409560701278322,0.69124685729634
-24.427076505951213,0.620626684693718,0.507194025631217,-0.2527507412625771
-24.092960646647235,8.914199138664856,0.6555238522139414,-0.20519778962795882
-8.05646937338534,0.19336902457975527,0.5430629213453347,0.7270509863215323
20.244584109908516,16.80515547101288,-0.7770605805555925,-0.4127853720579872
-18.139303452048264,-14.747342912369241,0.18660080349261324,0.6480990583236236
-24.3500733509342,-7.08172022420495,0.37308407460227677,-0.29718803848311587
-22.62539889201173,-9.130401573759142,0.24269930564160133,0.6836419930474563
-18.070946413090365,-12.248709625012829,0.23098455758089806,0.6624483758139846
-24.50072991338378,-8.077983350150722,0.35422560499122463,-0.30282205974404547
-23.403344488776803,41.401580760722204,1.2307292642788812,-0.018486055801568733
-11.215729615564268,-0.40211510139270373,-0.3803910169149217,-0.3788295163743311
215.10089579159987,-11.23957167030977,0.5662779964784715,-0.7123708920461216
-1.6461031969237168,-27.676038936956978,0.11553398805929889,0.5619213586922399
41.05895836273578,-9.755773216355758,-0.05204519807380177,-0.46974520813809023
-24.15217961564426,0.6135149631136404,0.5096572729830978,-0.252986385532876
-2.0583686539472894,2.861541745172833,-0.23705563377444835,-0.36650821533842676
-19.121021208028818,3.2992194218696116,-0.5007695681750024,0.6419528254659057
45.702526718394836,23.1476704323655,-0.426382107904446,-0.3942660077721005
-21.416604365697744,-17.159217424543503,0.22428485399302425,-0.3573342916574537
-24.45206713234275,0.6212732048373613,0.5069700940537732,-0.25272931905618634
-25.206625928007902,-5.059239401018122,0.40042581597825905,-0.2849274622947578
-9.847497585614265,0.23970383023439068,0.527014193053099,0.7285862730091485
-24.83349138445734,15.934481855243446,0.7714476864203698,-0.16422084087198707
-24.22147779910661,3.9167205053449132,0.5668297935947735,-0.2339034510923771
-25.401105267579567,-9.054850871787192,0.32864918805686116,-0.307813414813251
-17.25815913351306,17.735083779307228,0.7635224271670819,0.8346466123602345
-6.215857491149319,-0.5352060961489181,-0.4464109889376914,0.6107193151175946
-19.31554378282472,-4.193211562082769,-0.5230043685922429,-0.3949389395008082
-17.321917704935927,-6.245109051805372,-0.5401572231945365,-0.40817422607994785
-6.180422766690285,-10.519457258484955,-1.6149048442403096,0.44233253471497325
21.087137366217558,6.781751318052686,-0.9445957083864053,-0.4711392720680192
-23.33803138144503,-13.108866386252432,0.2771016431154182,-0.33263456376826384
46.843206722591475,-6.886660158542874,-0.9414156939450099,-0.5681387753475069
-16.957330794007536,0.42363881110093865,0.4633056592703638,0.7346808907273326
-24.648214021525842,-7.077748948508765,0.25959060816144064,0.6969023007636603
-16.499844209682973,-5.288230021721249,0.36762206270086956,0.7014437704788069
-25.726696214769923,-10.04658835672746,0.308223197403703,-0.313297480629445
-20.99490537976027,-11.150890440112082,-0.6606119453057007,-0.4338415331675456
4.2713307061875065,-10.804380058527935,-0.416702240363721,-0.4497368293293747
-24.475660887624013,-2.0776677740644427,0.459501196941997,-0.26826455602411586
1.6326584890704203,-20.75973734812084,0.2674731857291539,0.5994529311499658
-6.024828608567113,6.9647988198585296,-0.20256361349742796,-0.34005546545586457
-18.878585464462862,12.798215791205033,-0.22144456928707185,-0.297339690521786
-19.12207649147527,21.805961213910155,-0.06604996374400003,-0.24526247796440778
34.19827100637814,-8.56359242550211,-1.200561119935818,0.42500902485777803
-23.489008429456423,26.401386619038654,0.9673342673507019,-0.10486010667151328
-17.426978277817085,11.242148522018836,0.759026438473675,-0.19650402031359576
-24.88940309419471,0.6325873073511209,0.5030512914485084,-0.25235443044434724
29.72308115393747,20.560584708418425,-0.6220933716138569,-0.397857769213678
-24.81912834290664,-13.074291433036743,0.1530081515247067,0.6624698170402274
-24.144445906999213,0.9142455891069559,0.5149945683929454,-0.25125898014004655
-23.539909269051524,0.5976752195943771,0.5151435966304686,-0.2535112295894507
37.32476130754535,-0.9769245902491297,1.0605289534946216,-0.3056850132542556
-15.73761618203693,14.699006276149616,0.83544390046349,-0.17778107849751448
-16.17927657627031,10.72432015604875,-0.3430960067274425,0.6826548749595447
-24.52215651927365,-3.0766255959689195,0.4415760741457302,-0.27398786504128236
-23.86632015680083,-12.095038601044156,0.2898763396304796,-0.32641854400410886
6.735792307230938,-28.889301725929435,0.2839544396567848,-0.4448616188212361
-12.213895377949857,-20.397778222514862,0.2542213793368507,-0.3825124392796149
22.8005140959933,-0.5683718915329794,-1.1678921734888776,0.4791505815733513
-3.9145902486311077,15.389557528986389,0.8480721292292426,0.811682045148996
-6.265331243475133,0.18731800155183026,-1.3175183105443997,-0.4897686651642295
24.231782753588742,-2.3375932872178025,0.9134587215261756,-0.30425388178051976
2.11136860705478,31.27652055060484,-0.6944265837302669,-0.31655708722842046
-3.745637051719293,-25.617659785248136,0.24255978335831857,-0.41858733974247014
-21.80595461103524,-28.15465407253207,-0.08261932980045278,0.5734394125778232
-24.50072991338378,-8.077983350150722,0.35422560499122463,-0.30282205974404547
-0.820297126490902,26.35156078875709,-0.8082385995281407,-0.34285986264639495
-24.64861365880024,-11.074639585095891,0.30037499559240316,-0.3199847889341977
-6.742009908702539,0.1631050676818787,0.6656632371776515,-0.2679105512147451
-2.9553272362289813,20.40208919878114,-1.043242697284418,0.618226082843785
-19.18702663036535,0.8042670712371742,-0.4343103099730749,-0.3662332780363899
-32.037207022124,7.119399435344062,0.5493214707990727,-0.20991423592490552
37.3265081536522,-0.9807115562766638,0.9497226659831101,0.6881482595158309
-17.145528974904078,0.45052179346509974,-0.4212852160325384,-0.3697173043532654
-1.355468210825517,-20.67869122492792,0.35151964973614214,-0.3918203879564196
6.05782533257242,-28.853489951407628,-0.7158470094227918,-0.555005209176453
-10.841228100809952,-25.43783503048094,0.06815692785279377,0.581329839642605
17.800641971578358,-0.4352808967767663,-1.101872201466108,-0.5103982499185744
-16.703226104858352,0.4170649942803725,0.4655825955498115,0.7344630697327508
-5.247280417663451,15.464321523913888,-1.0405005498409554,-0.4024598305379153
-16.4402049374014,10.716539852941105,0.7591142957095066,-0.2002314747156698
-24.144367507630985,6.915207685336878,0.6200462287662741,-0.21668005421372613
-19.133872923274755,2.799471558537616,-0.5096389740369192,0.639082259319464
-19.469764365775966,-10.190185922066702,-0.6294372389352445,-0.4293857332581102
-24.621163382201527,-10.078930824459436,0.20730751980472525,0.6795896161287724
-6.885893530044889,-26.518308023385085,-0.7968138062458534,-0.5323833972674671
-4.100875986879874,14.430760999855256,-1.1585584854414568,0.5846290651695935
115.01442865260681,25.351437450557643,0.1539077347047181,0.5632065925008606
-24.45206713234275,0.6212732048373613,0.5069700940537732,-0.25272931905618634
-23.481937546381378,12.89903441167968,0.7310329716681709,-0.18266890244558756
-24.450320286235904,0.6174862388098273,0.39616380654226174,0.7411039537139003
-19.339500367209755,-5.19649425477429,-0.651549467827588,0.5931532009763948
-22.746396437273606,-1.1222440325523377,0.4925049764370134,-0.26398373269648057
37.32476130754535,-0.9769245902491297,1.0605289534946216,-0.3056850132542556
-25.595249446541008,4.9524213600529325,0.5720284369817593,-0.22696267524160837
-24.570733405295996,16.427764517139007,0.7825564080567238,-0.1615644967894533
-24.452887072901696,-11.079703130860906,0.3021288277069423,-0.3201525676546505
-22.450799667881178,-27.137810917373844,-0.07088905016258874,0.5797553455125849
-16.295963611854827,2.7115227576181926,0.62033884400305,-0.2464604439482103
-13.513785593800058,-3.361417719243838,0.540217934009684,-0.2834243469564318
-24.80243460447709,-13.074723308492697,0.1531577378184391,0.6624555070063585
-0.9274660724286126,10.351762305025419,-1.0893347876751431,-0.43497864473989684
-25.29829154561207,-5.0568679651312385,0.39960443495219555,-0.28484888564171634
-11.059762186506177,5.591072292563692,-0.38476443408343164,0.6494505501530574
-25.149773395463495,-7.061031579608362,0.3659182641240781,-0.29650252787861014
-19.18702663036535,0.8042670712371742,-0.4343103099730749,-0.3662332780363899
-24.45206713234275,0.6212732048373613,0.5069700940537732,-0.25272931905618634
81.08710135381115,-0.7751839937084483,-0.6228315593339111,0.43668395616209843
-24.34476248432569,-2.0847959561943257,0.3498521878227146,0.725458006783343
-4.8838346852001875,12.436164510764728,-0.0960428859185949,-0.30933612610063665
44.14337146325262,1.1807296700918222,-0.9363618959330342,0.47411564387950406
-21.686089269519396,0.8689190856015144,-0.45670346771744574,-0.36409105739730946
-24.504293933885446,-13.07869458418888,0.26665120425927513,-0.3316348322404178
-19.264136921840972,-2.1942201087547915,-0.4875267451445757,-0.3834566749150409
-23.604673866669856,21.903655849050708,0.8875096145934507,-0.13069520198948975
-24.306321799227288,0.617502699359633,0.508276063013425,-0.25285425336385753
57.99900535062321,6.826983312699012,-0.5963338883556575,-0.49701731640796337
-23.05056077857409,-7.115339271674407,0.3847285166293496,-0.2983019932154377
-21.968827004930016,-10.125533907702362,-0.6518303966796154,-0.4272435126190297
-25.188328541201308,-8.560275169604344,0.33931004653832764,-0.3051142263179356
-19.49546779626784,-11.189681648730687,-0.647176050659078,-0.43512686555099384
-6.7402630625956865,0.15931810165434457,0.5548569496661401,0.7259227215553414
51.40108841706234,3.9934509241704417,-0.8188027527514778,0.4851837553514724
-24.44504622779803,-0.07813841597695527,0.494792509317231,-0.2567644681626314
-17.941814618270197,29.776712741619967,0.08459386156697336,-0.2001688856705799
-1.456535086686163,-24.680461097611403,0.16975811532929638,0.5790483556421322
-21.840309852470643,-5.128055274382417,-0.5631363380604473,-0.39853785115461143
-24.650245297368233,0.6226583999589745,0.3943723539227121,0.7412753313650268
-5.832052879878058,14.46101676983844,-0.06952252556867604,-0.29699697325923713
-6.505723267563275,-21.53108155752911,-0.8166867193637597,0.4899413149031297
-21.968827004930016,-10.125533907702362,-0.6518303966796154,-0.4272435126190297
-19.834644504244405,3.8215033353947976,-0.3875878905474417,-0.3483886371724056
-17.748633988069273,0.44411022492926333,0.4562150898021863,0.7353592034704909
-16.703226104858352,0.4170649942803725,0.4655825955498115,0.7344630697327508
-21.711792700011273,-0.13057664106247469,-0.4744422794412794,-0.36983218969019305
-25.274726527421198,-7.057798978890145,0.36479860623685956,-0.29639541684665605
-24.969136577920047,0.9355807538471882,0.507604826337303,-0.25055204732915
58.15322593357445,12.823957672682944,-0.4899010180126559,-0.46257052265066134
-24.54611310365868,-4.079908288660443,0.3130309749103851,0.7141042754359206
-17.840062783717322,-5.235285463392894,-0.6381135731809655,0.5918678685929464
20.541542010837446,6.795866145828709,-0.9494845825851563,-0.47067158245809515
-5.575018574959318,24.455974036478327,0.10786559166965987,-0.23958565033040055
-24.951879660173564,0.6342036077102293,0.5024914625048991,-0.2523008749283702
-21.756807044600585,-0.15142629744615435,0.40805886638091815,0.7347659174204436
-4.81032209930161,32.45574887720169,-0.7389407505357846,-0.30486058155889306
-16.09746420892317,0.7060661028537801,0.5871005363298196,-0.25815693059788564
-11.7020215859973,11.59037956650078,0.7082579222699679,0.7953048444426337
-16.975300515854357,-0.27512628956973384,0.4509041429563779,0.7306671638272781
46.9914404430045,-1.1942033905797929,-0.9511264065233674,0.45841388578705233
54.296437057979375,-1.0822566465303518,-0.8804010904999569,0.4538860069137667
480.09449196278183,-7.097064235272618,3.0225571472229147,0.11770362799293436
-5.676085450819976,20.454204163794838,-0.07389594273718605,0.7312830932681514
-24.45206713234275,0.6212732048373613,0.5069700940537732,-0.25272931905618634
-1.5096887937767518,-26.67566558491185,0.2450867793931406,-0.42626718171372163
48.01273405141168,21.087582825463222,-0.44069819728368254,-0.4077726708617989
-31.915842797938826,11.153447283143239,-1.3670099437053422,-0.40841510881529897
-24.450320286235904,0.6174862388098273,0.39616380654226174,0.7411039537139003
-21.53186868656816,6.865893445585446,-0.35027059737444427,-0.3296442636400075
7.121343764609047,-13.896865825969606,0.5500366155142886,-0.35874463442798116
-24.547859949765527,-4.0761213226329085,0.4238372624218967,-0.279728997334166
121.95352590149307,25.171919495312473,0.21608636795035788,0.5572583312967387
103.5398319577778,2.644595259842615,-0.35160713692018986,0.44048992064773196
-1.1922340859924108,0.056074412392219504,-1.2720602003233268,-0.49411737306156284
-32.31994475753462,-3.8750535579598107,0.35419454183690324,-0.27306669114662574
-12.404979187047367,11.62683786116623,-0.29176745838705265,0.6851826762938077
-2.3040889362643635,7.386894172502911,-1.154195664873717,-0.451088086886226
-24.450320286235904,0.6174862388098273,0.39616380654226174,0.7411039537139003
46.60615292626635,32.12199757781963,-0.37153055781548555,0.6506626549920609
-24.057035120212742,15.91065276476297,0.6675832778096132,0.8289483434999846
-32.18988606261148,0.8397269199384284,-0.5560920256536512,-0.3568211361060009
-3.668526760243672,-22.619172605256168,0.2957762185298194,-0.4013639428638191
-11.818756229361236,5.5924354263013845,0.6021609492931317,0.7608259173757457
-23.544713356482106,35.90435426407026,1.1331657997977964,-0.05006228341242887
-24.3915793538815,-1.0796823184560052,0.47776311283073913,-0.2625734660053611
-23.054837603176093,-13.116192752520199,0.2796392357510103,-0.33287732021108446
-24.42718364240982,-10.080207404196916,0.31986763943077595,-0.31441143536176686
-6.190359364300507,0.1853784411209,-1.3168465158120686,-0.48983293178340187
-23.45506526893084,3.8968930255796574,0.5736973272118171,-0.23456042731797028
-22.694989576289863,0.8767474207756385,0.5279825998846804,-0.2525014681107132
-24.504215534517222,-7.077732487958959,0.37170286463260394,-0.2970559063140974
-18.878585464462862,12.798215791205033,-0.22144456928707185,-0.297339690521786
-24.648214021525842,-7.077748948508765,0.25959060816144064,0.6969023007636603
46.54649166020048,-4.882404389231425,-1.0198794000930662,0.4374766728978183
58.59118237745446,-12.195131441505097,-1.0345109202849172,0.3868096889918555
-19.15775917937181,6.804474031939321,-0.32899709751729195,-0.3316793732471339
-23.497219599314313,-5.107204381501097,0.30492122101663105,0.7074419882682322
-24.45280867353347,-5.078741034630982,0.4071804880802711,-0.28557364172833005
-4.470204568517996,0.1408771665936374,-1.3014328574734633,-0.4913074650936938
-25.132010450883442,-5.561250084852869,0.39234017063739524,-0.2878730061635675
118.60235087499528,-30.750382406882164,-0.794417854258767,0.23739372168415032
-1.6920466138232204,0.06900481526508755,-1.2765388318722009,-0.4936889289337467
215.7709318304954,14.743530256926393,0.9166808137866332,0.43073182033894025
-24.450320286235904,0.6174862388098273,0.39616380654226174,0.7411039537139003
-8.95787876958765,0.22043071577845183,0.6458076720688727,-0.26601108701848525
-32.47416534048586,-9.87202791794374,0.24776167149390166,-0.3075134849039277
-19.842769779083614,0.5165590029510532,-0.5562761139079705,0.6264295667070282
-24.15217961564426,0.6135149631136404,0.5096572729830978,-0.252986385532876
118.57284432395723,-31.826050825651734,-0.7027694834089955,-0.7626399739622507
78.66286096904831,-2.0135590572636737,-0.667330752618477,0.4312648381173809
76.35389370840531,-14.654983141866689,-0.9103629495202303,0.3600569901801181
-8.191151018087536,0.5197982080340772,-0.335780415897843,-0.375659048848344
24.73672446202075,-0.31753193198433854,-1.145274526110854,0.479224878143415
50.8017694265237,-6.9928119519537555,-1.0167664469367041,0.42230267664031085
229.79705255656432,-17.62447457702955,0.4820918161305322,0.23428719743985146
-6.292967782624948,-3.5336932761408826,-0.4996274241091922,0.5934959182389435
-24.349994951565975,-1.0807581279750278,0.4781357349756055,-0.2626091125567954
-5.607850046454528,13.455055841738018,-0.08502202151807256,-0.30295232761602886
-24.44123936875841,-3.082460737811516,0.3314792018715604,0.7197775421789582
-6.344374643608692,-5.532684729468859,-0.5351050475568594,0.5820136536531763
-17.570519242898758,24.766303705427163,0.00037843449667959565,-0.22930299126281428
132.6594573379887,-2.1093869255007407,-0.1607111287738075,0.39247563434399924
102.53547403465589,7.671381944314199,-0.27306434456969986,0.4701666935722582
-25.149773395463495,-7.061031579608362,0.3659182641240781,-0.29650252787861014
-24.375698382057852,-2.0802538546390164,0.4603969232517719,-0.26835024484967906
-19.835036070438555,0.8172896289443683,-0.5509388184981228,0.6281569720998575
-3.39690633760758,-7.609258600034046,-0.5437108817112815,0.5679607243005124
37.32476130754535,-0.9769245902491297,1.0605289534946216,-0.3056850132542556
103.56553538826968,3.6440909865066033,-0.3338683251963561,0.44623105294061555
-25.159459975137796,31.94548582610474,1.0486626924671176,-0.0717307690973198
-19.03105920130726,6.797454465193569,-0.4386837271415849,0.6620467884909987
-11.646673061021787,1.5873407980653527,0.5336689497496782,0.7376257439339121
25.426482743579218,-14.337625951313198,-1.3842127639918884,0.39794929337463003
-8.956131923480799,0.21664374975091774,0.5350013845573612,0.7278221857516013
-3.285159843877357,15.913640816041697,-1.0141644809384294,-0.4012601964899562
121.43771044554876,5.185791928060235,-0.02788357901480231,-0.5513975873310212
-14.558024630052326,-13.336009601358954,0.3557759720818713,-0.3401608703839581
101.4210247237797,-2.602324263435124,-0.46340343085096947,0.41175632026787956
-24.306321799227288,0.617502699359633,0.508276063013425,-0.25285425336385753
34.37644817371443,-1.5633353728266577,-0.9655831503574712,-0.5286363218621231
102.56117746514776,8.670877670978188,-0.25532553284586634,0.4759078258651418
-23.7588944496211,15.906681489066779,0.7810767442504492,-0.16514199574679167
3.699363830508042,15.232867312489548,-0.9603330451161076,-0.4101289804258234
-6.9115969605367615,-27.517803750049072,-0.8145526179696869,-0.538124529560351
230.576038799304,-11.643663220636704,0.5941229759096261,0.26819843603738336
-19.2384334913491,-1.1947243820908022,-0.46978793342074204,-0.3777155426221573
-19.31554378282472,-4.193211562082769,-0.5230043685922429,-0.3949389395008082
-19.03280604741411,6.801241431221105,-0.3278774396300734,-0.3317864842790879
-19.339500367209755,-5.19649425477429,-0.651549467827588,0.5931532009763948
-18.928245479339765,10.795437371849525,-0.3677284802462505,0.6850113176625332
-16.10345107146138,0.40154851083293086,0.47095695340846055,0.7339489367793715
-16.991381843336086,-26.275146355924768,0.10636116716676294,-0.4129961248546181
-23.22373439450398,12.892354565555555,0.7333466327263194,-0.18289023668201737
-23.149810480039925,-6.112610944292203,0.4013476704659646,-0.29245374989059997
2.806266136654067,-0.04736881059072486,-1.2362311479323334,-0.4975449260840916
-25.350489610064376,-14.05696376149677,0.2415602709848097,-0.33667263065307856
-14.526618766757784,-4.335375900233913,0.513633824976824,-0.28831930209687867
-24.9768702865651,0.6348501278538727,0.5022675309274554,-0.2522794527219794
-22.746396437273606,-1.1222440325523377,0.4925049764370134,-0.26398373269648057
22.602620360703362,-8.26360707885157,-1.3044653718696988,0.4349489286231114
-18.979652340323515,8.796445918521547,-0.40320610369391774,0.6735290530767659
-24.321168729044427,0.6141450227074782,0.39732108493449086,0.7409932437512726
-24.321168729044427,0.6141450227074782,0.39732108493449086,0.7409932437512726
-4.044854247197315,10.395865861693977,0.8701843581215862,-0.21085688908550893
-4.497449541473654,-0.5759204046486469,-0.3201910430875745,-0.38458849096278386
-17.35534882204611,15.737276750882407,0.7276345610695377,0.8232035932565752
-25.015553810201457,5.937585028172634,0.594731363914365,-0.22169643041999607
-16.704972950965196,0.42085196030790656,0.576388883061323,-0.25937020303733577
-24.944145951528508,0.9349342337035447,0.5078287579147468,-0.25057346953554077
43.821758096542375,29.193549218028835,-0.4490059486346181,0.6357599685761387
-24.970925015224477,0.6309545464422067,0.3914988639209544,0.7415502211174335
-24.450320286235904,0.6174862388098273,0.39616380654226174,0.7411039537139003
36.94866551764827,-6.6344251476876215,-1.1408988861242302,0.4341776911533384
23.11951819315788,-5.272755650729963,-1.136486226076411,-0.542039434810837
-26.006504334410987,-11.039510266570883,0.2882074494004218,-0.3188207919277469
-24.42718364240982,-10.080207404196916,0.31986763943077595,-0.31441143536176686
103.20394051527661,-10.345062220761697,-0.4714054018185149,-0.6279780719298422
-11.816575334180364,-26.412762991686474,0.04190871618609931,0.576402751192572
49.961126558364036,-1.2710306722892257,-0.9245161693125767,0.45586824215722016
-25.14802654935665,-7.064818545635896,0.25511197661256646,0.6973307448914764
179.1707118780994,-7.309557578711796,0.29684664905859837,-0.6642816946889946
-28.43746637415174,-8.976298674334519,0.3014415013974505,-0.3052106167367682
-24.702080532716767,-10.07309568261684,0.3174043920788951,-0.314175791091468
195.57700169856184,7.264671943145074,0.5956626785460082,0.40193692817784105
-17.199282504524227,-28.273831009730724,-0.04134067854078923,0.5694905287405677
-24.217992177973166,2.916469643153151,0.5493525339533941,-0.2396696045223252
19.937889790112862,4.807419785017485,-1.1007326087531073,0.5121543131974955
-24.306321799227288,0.617502699359633,0.508276063013425,-0.25285425336385753
40.98184807126016,-12.754260396347723,-0.10526163324530256,-0.4869686050167413
13.94558802119037,-29.075822787370555,0.3485586997492948,-0.4510419253649832
-19.03105920130726,6.797454465193569,-0.4386837271415849,0.6620467884909987
-24.472859333500516,0.6218111095968726,0.5067837829813401,-0.2527114957804692
-20.51904943631448,-12.167103535676475,-0.7846784129921713,0.5538221631818413
87.93635015948804,4.052167686998953,-0.363093618870874,-0.5342062286626964
-24.62988147057526,-8.074642134048373,0.3530683265989955,-0.3027113497814178
-24.32080589994066,-1.0815132635028035,0.47839728705805973,-0.26263413369385985
80.88147390987614,-8.771149807020354,-0.7647420531245799,0.3907548978190292
-15.650162912370595,-5.310211706605125,0.3752357363339556,0.7007154154615196
-24.604178040083383,-7.075146407384384,0.37080713832282913,-0.2969702174885342
-24.31272221629904,1.9150178955084258,0.42017326049072834,0.7484832036433764
-5.78064601889431,16.46000822316642,-0.03404490212100888,-0.28551470867346984
-21.866013282962513,-6.127551001046406,-0.580875149784281,-0.404278983447495
-19.586555414723815,-1.1894600661073296,-0.5837292630164654,0.6164176410374006
-24.038068164530046,9.912939729801069,0.6735242160202293,-0.19948167847213963
-24.247259628966706,-3.0837373175489975,0.44403932149761105,-0.2742235093115812
-22.599695461519854,-8.130905847095153,0.26043811736543493,0.68938312534034
-16.398777333822316,-1.286460149037762,0.5493835971077154,-0.26942497311974495
-23.787463019218364,-9.100338387079725,0.23228648729046886,0.6846381256446287
-11.087212463104898,4.595363531927238,-0.2916969582957537,-0.3501238549099128
-23.904561383368343,21.911414090774425,0.8848224356641262,-0.1304381355128001
-14.133175183591634,-26.330817181728495,-0.8617539637045288,-0.5261709574141339
-24.650673671733024,-8.074104229288862,0.35288201552656234,-0.30269352650570064
-6.7402630625956865,0.15931810165434457,0.5548569496661401,0.7259227215553414
-24.306321799227288,0.617502699359633,0.508276063013425,-0.25285425336385753
-25.343432794476218,0.6443332853208342,0.49898290254951105,-0.2519652317986391
57.87223504427067,1.8257177133515365,-0.7958342344863369,0.46811029489770506
-32.18988606261148,0.8397269199384284,-0.5560920256536512,-0.3568211361060009
-23.909551012070672,14.910418363121009,0.7622182746393971,-0.17077601700772133
-24.150432769537424,0.6097279970861066,0.39885098547158626,0.7408468872372106
0.41022252311056884,4.29417729982374,-0.2994947201831592,0.6338552029204036
-19.493720950160995,-11.19346861475822,-0.7579823381705895,0.5587064072190928
-19.18702663036535,0.8042670712371742,-0.4343103099730749,-0.3662332780363899
-8.562804274577768,-19.495814882706696,0.19362398227851063,0.6139557458566886
-24.306321799227288,0.617502699359633,0.508276063013425,-0.25285425336385753
-24.69235803655411,-8.073025833689265,0.3525084976553863,-0.30265779426544076
-24.345083722231866,-0.08072449655152891,0.49568823562700587,-0.2568501569881946
-17.84648681842483,-1.2527489467339783,0.4255892781044687,0.7256507876210083
-12.294947333417245,-11.394235180743422,0.41107154013330666,-0.33057447106377696
-24.951879660173564,0.6342036077102293,0.5024914625048991,-0.2523008749283702
-6.241560921641196,-1.5347018228129066,-0.46414980066152495,0.6049781828247109
-6.47289179606806,-10.530163362788802,-0.6237991061760273,0.553307992188758
-24.45206713234275,0.6212732048373613,0.5069700940537732,-0.25272931905618634
-24.09303904601546,2.913237042434934,0.5504721918406126,-0.2397767155542792
-5.684238736025323,-1.5271058293739144,-1.3420603491461265,-0.5000590795169375
-16.10345107146138,0.40154851083293086,0.47095695340846055,0.7339489367793715
-5.881712894754965,12.45823835048293,-0.2158064365278548,0.6853540349250822
-25.403243679880568,-12.055277612210087,0.27610454761769154,-0.3251010783110744
24.220232118464452,19.702785508596477,-0.6889108193028731,-0.39890383937630175
87.37262153477366,-17.940525265636325,-0.8641537643067244,0.3333221336639498
1.9410996549729067,-8.765788628152976,0.48033892641515696,0.6683465186645697
-13.591656297155438,-5.345193887812273,-0.6000452050155349,0.5882260935065096
231.60242917287212,28.33995281195037,1.4144817323744814,-0.4959895450173569
-21.660385839027526,1.8684148122655027,-0.43896465599361223,-0.3583499251044258
-5.5546963393639395,15.450260329038464,-0.16035068558191692,0.702363209739825
-22.9520238812086,-9.118209845864246,0.3505944826463446,-0.30991279103954983
-24.547859949765527,-4.0761213226329085,0.4238372624218967,-0.279728997334166
-19.23668664524225,-1.1985113481183371,-0.5805942209322537,0.6161177301479294
-24.089703049665413,0.611898662754532,0.510217101926707,-0.25303994104885297
48.98644139821927,-26.945320471736537,-1.2723808359289372,-0.6852392872551272
-13.124675240819833,-16.359042485425448,-0.7884541866543932,0.5244309720930653
-5.530018153074073,4.469868530610015,-1.235627478803125,-0.4656122857596356
-13.58118731181708,-24.366790212560222,0.061113679764087034,0.5894417246723461
-1.1188374343569434,22.35864142786615,-0.8809476785380141,-0.3656566130974768
-4.288336476405218,6.419794546471497,-0.19575780893828518,-0.3444255860496627
-12.239947714841444,0.30533949928342713,0.6163982901400357,-0.2631976658087681
-4.4332818082476235,0.44085265705917787,-1.2958340099811614,-0.4896050808379288
57.386278961172145,17.844602415789918,-0.40923087567645083,-0.4330972606868478
-24.15217961564426,0.6135149631136404,0.5096572729830978,-0.252986385532876
-24.324291521074105,-0.08126240131104026,0.49587454669943903,-0.2568679802639118
-4.733211807825977,35.45423605719366,-0.6857243153642836,-0.28763718468024213
19.664190483854966,-0.4872336135057323,-1.1959955864580631,0.48183906847539726
-21.170273813575072,20.855046652853748,-0.21273352075228547,0.7445648612304504
-24.45206713234275,0.6212732048373613,0.5069700940537732,-0.25272931905618634
-5.170170126187841,18.462808703905853,-0.9872841146694546,-0.38523643365926435
-24.041632185031713,4.9122284957629105,0.5859498152882798,-0.22829445096851195
6.74964585847665,17.154276348580318,-0.8979836323751953,-0.4012173806069526
-18.724364881511622,18.795190151188965,-0.11501169894407032,-0.262892896764484
-24.15217961564426,0.6135149631136404,0.5096572729830978,-0.252986385532876
-24.938443518725837,8.9360722081646,0.6479477990858659,-0.2044730335413451
-32.18988606261148,0.8397269199384284,-0.5560920256536512,-0.3568211361060009
-4.964542682252846,26.45877451721776,-0.8453736208787859,-0.339307375316195
-24.47705775873429,0.6219197249810047,0.5067461624763295,-0.2527078968497955
-13.690426891407546,-28.614647050882173,-0.014276270062205753,0.5650419124275906
-24.951879660173564,0.6342036077102293,0.5024914625048991,-0.2523008749283702
-23.32654811647147,8.8943716588996,0.6623913858309851,-0.205854765853552
-4.363699921773994,3.4175204004519983,-0.3597805316212974,0.6321842898417729
-18.57380064113432,-6.21646398134718,-0.6621968143569342,0.586733670251527
-22.56149671783221,-7.131733380502988,0.2782888948779903,0.6951135465300281
19.799892082901597,-0.48700250826823843,-1.0839576752706113,-0.5121120264298388
-11.087212463104898,4.595363531927238,-0.2916969582957537,-0.3501238549099128
-25.173972818386485,-0.05928071642716455,0.4882608730663529,-0.2561396252466244
-24.879074930390328,-7.0680346858043075,0.36834389097094833,-0.2967345732182353
-20.62648394129872,-27.18500688785981,-0.05454204500919797,0.5781915244460561
14.151215465125363,-21.079856974058654,0.49046919353996354,-0.40511286702191396
-32.18988606261148,0.8397269199384284,-0.5560920256536512,-0.3568211361060009
-23.630377297161726,20.904160122386717,0.869770802869617,-0.1364363342823734
-21.757562331580786,33.85405661415696,1.0033408597807303,0.9307141926021663
58.74365611429886,-6.194370115493634,-0.817271762430404,-0.5725767900209291
-6.7402630625956865,0.15931810165434457,0.5548569496661401,0.7259227215553414
57.92364190525441,3.8247091666795137,-0.7603566110386698,0.4795925594834724
-1.7643168959349935,28.376304432446673,-0.7816806186732114,-0.3305243087356691
-24.144445906999213,0.9142455891069559,0.5149945683929454,-0.25125898014004655
-16.837161260384846,-20.27817199594083,0.21279403750976456,-0.3785493310973161
-12.239947714841444,0.30533949928342713,0.6163982901400357,-0.2631976658087681
-25.17547682595537,-8.06052730627235,0.34817945240024445,-0.30224366017149373
-1.0417271428813164,25.35712860785811,-0.8277312433665134,-0.3484332162188259
18.36660222779322,40.85759630992881,-0.37368463642294686,-0.2728595753203726
-24.375776781426076,-8.08121595086894,0.35534526287844315,-0.3029291707759995
-17.746282371447904,0.4477911616532398,0.5670581020923986,-0.25847758254144376
46.68310641900554,23.118560565351743,-0.5284174433906422,0.598728200018071
-17.104822973229844,0.4311962826062009,0.5728059778222236,-0.2590274477350829
119.1935297763084,-7.761980693610429,-0.3864251846105944,0.3694397644204745
-24.552771179099633,-5.076154954056408,0.4062847617704962,-0.2854879529027668
-23.86632015680083,-12.095038601044156,0.2898763396304796,-0.32641854400410886
-24.67391745201772,-8.077244675172752,0.24185179643760704,0.6911611684707768
-24.57107499295983,0.6206102241439123,0.3950817691600537,0.7412074658151806
-22.42585152436951,7.867167720893271,0.5421317549610571,0.7814447529871912
53.93658903109314,-15.075196819826187,-1.1287444546336272,0.3735101548133955
76.37785029279034,-13.651700449175165,-0.7818178502848854,-0.6280351502970849
-6.113043769181828,3.462776810507036,-0.375455742042357,0.6336838442891292
-5.64056558368662,0.1711549979607452,-1.3119200211083069,-0.49030422032399956
-9.72628008728101,-1.4590810273905503,0.6091733282851857,-0.2751447022260898
24.180375892605,-4.33658474054578,0.8779810980785083,-0.3157361463662871
-24.470036854189566,-0.0774918958333119,0.4945685777397873,-0.2567430459562406
-24.15217961564426,0.6135149631136404,0.5096572729830978,-0.252986385532876
-5.741012869201494,6.4756484454462475,-1.2025011369186167,-0.45390508800676477
27.823480381354454,23.60646862911482,-0.697411439076931,0.6148948536706068
-24.85265869579812,-5.068396712332688,0.4035975828411717,-0.2852308864260772
2.272125309157117,17.27011206967662,-0.9381050052426299,-0.3973792067323249
-21.581528701445055,4.863115026229934,-0.4965545083336229,0.6527067445443118
-8.058216219492191,0.19715599060728936,0.6538692088568462,-0.2667822864485542
-6.035933477706207,6.461263990499001,-0.32223930687085633,0.6509072411677803
-24.247181229598485,2.9172247786809264,0.5490909818709399,-0.23964458338526076
61.29381244761071,-1.2632822867505042,-0.8177002488157183,0.4478877891243414
-24.504215534517222,-7.077732487958959,0.37170286463260394,-0.2970559063140974
-24.9768702865651,0.6348501278538727,0.5022675309274554,-0.2522794527219794
26.14617879735169,13.648254395278476,-0.8875260357245478,0.5587009975753725
-24.972671861331325,0.6347415124697408,0.5023051514324659,-0.2522830516526531
-24.17444740353302,11.416708960802554,0.6985649125638735,-0.1907200245880785
-21.170273813575072,20.855046652853748,-0.21273352075228547,0.7445648612304504
189.5154343330869,-4.877629419134718,0.4367992876546262,-0.6575938289604674
-24.038068164530046,9.912939729801069,0.6735242160202293,-0.19948167847213963
-20.866388227300895,-6.153411806792143,-0.5719178866865325,-0.40513587170312726
-6.909850114429917,-27.52159071607661,-0.9253589054811984,0.4557087432097357
-24.972671861331325,0.6347415124697408,0.5023051514324659,-0.2522830516526531
-25.29908274908063,-12.057972308168793,0.2770378944324769,-0.3251903660673112
-9.847497585614265,0.23970383023439068,0.527014193053099,0.7285862730091485
-23.530428714299624,0.894618879560159,0.4096746045288048,0.7420494485734653
-6.531426698055145,-22.530577284193097,-0.8344255310875932,0.484200182610246
-5.247280417663451,15.464321523913888,-1.0405005498409554,-0.4024598305379153
74.21396629203716,-1.5975332010141434,-0.7019276232773208,0.4368125084202953
-17.70459800662682,0.4467127660536427,0.5674316199635746,-0.2585133147817036
17.10468255456445,-8.121372647250022,-1.3537303189073147,0.43966181402908844
38.95646927817552,5.315560202512488,-0.9128057981720548,0.5016145686333676
-1.4661791834805995,-20.679568850309057,0.239705670126134,0.6021092847424255
-1.4147723224968531,-18.68057739698108,0.2751832935738012,0.6135915493281928
-6.140494045780546,2.4670680498705813,-0.2823882662546791,-0.365890560773841
74.7262880557678,18.396168298293162,-0.2363451012891376,-0.44219811849211815
-5.308709018931747,34.46896377368983,-0.7083896217918788,-0.292907028432528
-6.47289179606806,-10.530163362788802,-0.6237991061760273,0.553307992188758
-18.332583728502254,0.48123150028816136,-0.43192196596111454,-0.3686997495497021
-11.59701304614488,3.590119217420863,0.679952860708857,-0.24472526425040714
3.98859297077689,-21.798833051831807,-0.6118291693258906,-0.512889284551095
78.33470323519215,-14.702485911874673,-0.7817917221069546,-0.6354757490673639
-6.269011198239916,-2.5304105834493607,-0.37108232487384707,-0.3945962222382593
-24.372896827934348,0.619225029022299,0.5076795092911149,-0.2527971846060324
-25.174764021855033,-7.060385059464719,0.36569433254663436,-0.2964811056722193
-24.623223395134307,-7.078395468652407,0.25981453973888435,0.6968808785572695
-4.81032209930161,32.45574887720169,-0.7389407505357846,-0.30486058155889306
7.876683696303152,18.121538222896465,-0.9811981187553499,0.5974144473748223
195.25907997790742,-5.026220436788568,0.4882659299616688,-0.6625173374996788
47.68033630112414,8.090351412803836,-0.7821090372050309,0.5114258821008001
-14.64198420750498,6.665634449340721,0.5943715611883825,0.769009181197181
-24.45206713234275,0.6212732048373613,0.5069700940537732,-0.25272931905618634
-24.04155378566349,10.913190591992832,0.6910014756616085,-0.1937155250421915
-18.738620963518287,-1.2076547849636705,-0.4653093018718679,-0.37814398674997335
-24.15217961564426,0.6135149631136404,0.5096572729830978,-0.252986385532876
-24.150432769537424,0.6097279970861066,0.39885098547158626,0.7408468872372106
-8.204703093798376,-5.499087743383326,0.5527736339236924,-0.29950167481302675
-24.58132582599284,-10.076219667950925,0.31848642946110317,-0.3142793031927484
-11.148286141391642,-0.42587409842277874,0.5031178210057726,0.725672190807547
-24.972671861331325,0.6347415124697408,0.5023051514324659,-0.2522830516526531
-24.28876563191401,2.918300588199949,0.5487183597260735,-0.23960893683382642
-20.863579493779433,32.85278233884914,0.11093850744522901,-0.18037482402503235
19.879946809978026,22.811811172601658,-0.7860989403454098,0.6159409618729347
-5.6410503636353395,6.473062364871674,-1.2016054106088419,-0.453990776832328
-24.450320286235904,0.6174862388098273,0.39616380654226174,0.7411039537139003
-24.504293933885446,-13.07869458418888,0.26665120425927513,-0.3316348322404178
-17.979602033392368,-10.247009601256915,0.3776419864112528,-0.31993836461059444
-19.082466062291008,4.798463011865594,-0.4741613505892521,0.6505645239052313
23.939241229160668,8.704545549265069,-0.9948440357765543,0.5317769781720646
-17.74453552534106,0.4440041956257058,0.45625181458088704,0.7353556902286429
-24.217992177973166,2.916469643153151,0.5493525339533941,-0.2396696045223252
-2.3201709904703383,-4.636632225787816,-0.4815371834420323,0.5843272329235312
78.90192555212022,7.282633108705537,-0.5023441516941272,0.4846624341461633
-5.575018574959318,24.455974036478327,0.10786559166965987,-0.23958565033040055
8.091298838516167,6.117799545939624,-1.0785550088035238,-0.46576227924407526
-23.489928016268447,0.5963821793070904,0.515591459785356,-0.2535540740022323
47.140564260794804,-12.89905884713992,-1.1546240834055361,0.3908621039502433
-16.750818200680254,17.743972813033505,-0.11483598447240721,-0.27034780556863214
47.768530220298935,29.09518600136071,-0.3028184718870006,-0.3614580128036952
-24.3500733509342,-7.08172022420495,0.37308407460227677,-0.29718803848311587
-24.15217961564426,0.6135149631136404,0.5096572729830978,-0.252986385532876
-24.940581931026834,5.935645467741704,0.5954031586466961,-0.2217606970391685
46.631699558021786,21.119569112023765,-0.5638950668383095,0.5872459354323037
-24.507187633166648,17.926361586991344,0.8093885572199176,-0.15297422055651863
-24.450320286235904,0.6174862388098273,0.39616380654226174,0.7411039537139003
-6.011976893321175,7.464546683190523,-0.19369420763551115,-0.33718489930942275
-7.896261927895894,6.494860976584534,0.7656393746096954,-0.23060808729842286
0.7994876203288309,-0.017466635698397227,-0.371308630939467,0.6087348242282234
-31.70306242572964,20.112843881975913,0.7799260232089094,-0.13527951611741793
-24.9768702865651,0.6348501278538727,0.5022675309274554,-0.2522794527219794
25.22334279525952,18.676673840658975,-0.6974308158465042,-0.40552688106188206
-5.344749587947069,-5.558545535214596,-0.526147784459111,0.5811567653975441
-24.306321799227288,0.617502699359633,0.508276063013425,-0.25285425336385753
10.20349154855005,-0.23873877310917188,-1.1699474010089956,-0.5038858991757699
-23.78459788011297,14.90718576240279,0.7633379325266156,-0.17088312803967534
-5.5043147225821984,5.469364257274004,-1.2178886670792912,-0.4598711534667519
-16.493037406585817,6.717263905997865,0.6886069119690597,-0.22323884829998603
-24.298588090582232,0.9182333253529483,0.5136133584232726,-0.2511268479710281
-1.7614231966537888,-2.62875173873356,-1.324417971633854,-0.5091849204195683
9.177577162571062,-7.934566847670809,-0.43103567775208546,0.557181755555264
121.49086415263933,7.180996415360678,-0.10321224307864671,0.4539179500248329
-0.6950762687243857,9.305302949610597,0.7718700218411417,0.7743432535289354
-25.151804671305886,0.6393757688593766,0.5007000098853494,-0.25212949727724376
-16.703226104858352,0.4170649942803725,0.4655825955498115,0.7344630697327508
-24.45206713234275,0.6212732048373613,0.5069700940537732,-0.25272931905618634
-24.015928754539836,5.911724222426898,0.6036886270121133,-0.22255331867562825
32.64100252719448,-6.541256153552568,-0.18577178674467357,0.5485950116835209
-17.69401308158043,4.748012379277485,0.6428284359589818,-0.23373569139177633
-16.198531084783824,-3.295703769829707,0.4053390019229738,0.7127118130006662
6.136682470154885,-25.858789737443196,-0.7734368617628025,0.4560514604722847
-21.7889029914869,-3.12906382105444,-0.5276587146127802,-0.3870555865688441
-17.819757417006684,-2.2498593630418524,0.5191422375520447,-0.2739700607854172
20.67005916329682,11.793344779148653,-0.8607905239659884,-0.4419659209936769
-16.712664171285464,-9.279625237087407,0.4065030317235605,-0.3152612304647293
-24.57150336732462,-8.076152405103924,0.35359143076390404,-0.30276139205554675
-16.328795083350034,-8.289395437122115,0.42745123081531744,-0.3098271212338386
0.9326107414185968,31.307015612740216,-0.7049889883751318,-0.31554664459737897
-19.142790293264806,27.807461214899586,0.03881538555689561,-0.21066572876237016
45.52660884560765,-9.856822942067893,-1.1165606502164964,0.4095350986909473
-24.401401812549725,-3.0797495813030045,0.44265811152793827,-0.2740913771425627
-24.468760870772304,0.6217050802933151,0.5068205077600408,-0.25271500902231725
-0.8989539084152798,50.357452177330686,-0.38873958181954793,-0.20447646476891831
-24.600100497097696,21.92940803941231,0.878589972000713,-0.1298419126645312
-1.6329060441944172,2.3687268945863806,-1.235723913014686,-0.48047925895515003
-32.18061081150261,0.8577593905100384,-1.5497353563535257,-0.46755383713696497
-4.839913746338568,-20.5922886309172,0.2094749071712333,0.6050012826051842
-19.23668664524225,-1.1985113481183371,-0.5805942209322537,0.6161177301479294
-24.217992177973166,2.916469643153151,0.5493525339533941,-0.2396696045223252
-5.916291212357016,1.4611071217701592,-0.2978877622040756,-0.37184591513063275
7.765676373012739,11.086740374602568,0.8827006210986169,0.7786169456641968
-16.105197917568226,0.40533547686046484,0.581763240919972,-0.2598843359907151
-24.597206797816494,-9.075648131767913,0.33585261904007035,-0.3085025243484304
36.94866551764827,-6.6344251476876215,-1.1408988861242302,0.4341776911533384
-5.019837759781685,-27.588758717565113,0.08530322510439818,0.5648133565549985
24.275455905927434,-0.6393324598831416,0.9435990495639951,-0.29449902258758187
-13.690426891407546,-28.614647050882173,-0.014276270062205753,0.5650419124275906
44.99021546686772,17.165134160229414,-0.5378158182349204,-0.42823440081628306
-24.58132582599284,-10.076219667950925,0.31848642946110317,-0.3142793031927484
3.9821015659186516,26.227320305793427,-0.7652061161539381,-0.3469765252041031
-24.651992143475077,0.6264453659865085,0.5051786414342235,-0.2525579414050599
-24.82243560216629,-6.073081060695628,0.27553796726572455,0.7028148107076704
-24.306321799227288,0.617502699359633,0.508276063013425,-0.25285425336385753
-9.497470393544795,-11.452076672215581,-0.668409707193106,0.5501375246627709
-23.992620497590977,-8.09112839771128,0.3587785818238101,-0.30325761604438334
-24.371149981827504,0.6154380629947651,0.3968732217796034,0.7410360881640541
-25.75065279915496,-11.04987104941898,0.17967809816835795,0.674794659847758
41.13606865421141,-6.757286036363792,0.0011712370976990547,-0.4525218112594393
-24.306321799227288,0.617502699359633,0.508276063013425,-0.25285425336385753
-16.64408553522955,2.7167870736016657,0.5063975144073263,0.7476727397113475
-19.366950643808465,-6.192203015410747,-0.5584819920399101,-0.40642120408657556
81.77934713098489,26.214987592246775,-0.033077355278892544,-0.4021387447001294
101.94108019615538,17.692107861865495,0.007516386547061381,-0.4655269012517045
-24.712102273001303,10.930538020487072,0.6849929435756389,-0.1931407244003134
-6.158012672754018,17.488204002772136,-1.013644292124871,-0.390152811006102
-24.544217529895636,6.925552007635173,0.6164633235271748,-0.21633729891147327
-24.526433343875652,-9.077479076814711,0.33648679326739095,-0.30856319203692917
41.3416960981464,1.2386797769481162,0.1430817308883678,-0.40659275291637004
-19.31554378282472,-4.193211562082769,-0.5230043685922429,-0.3949389395008082
-24.427076505951213,0.620626684693718,0.507194025631217,-0.2527507412625771
-23.810301310604853,13.907690035738803,0.745599120802782,-0.176624260332559
19.80163892900844,-0.4907894742957711,-1.1947639627821227,0.48172124634024777
7.0620059678623415,10.123056422460387,-0.13483963970479332,0.6627322230160964
19.833329222038532,0.8132238443890654,-1.0608815681369301,-0.5046434887441257
-20.657952049844443,40.84874815216105,0.25284900123589776,-0.1344457656819631
-19.16132319987348,1.8037627979011623,-0.41657149824924133,-0.3604921457435063
-32.18988606261148,0.8397269199384284,-0.5560920256536512,-0.3568211361060009
-24.727783963208644,-11.072591409280829,0.29966558035506147,-0.3199169233843516
-24.285814774704516,-4.5829809075449806,0.41743110391186067,-0.2828352077509067
-22.66011201456593,-11.129824902543074,0.2073712684876666,0.6721454184278198
15.026878947955923,12.899210766489423,0.9827825046387941,0.783918903706217
480.11844854716685,-6.093781542581095,3.15110224645826,-0.8703885124842685
-24.062965577167034,0.6074651765833546,0.39963474599263926,0.7407719095148427
44.45044342653837,-3.8242760997143437,-0.9103308644354258,-0.5487981789668399
-23.22692077151554,-9.111098124284167,0.3481312352944638,-0.309677146769251
14.279732617584738,-16.082378340738703,0.5791632521591316,-0.3764072055574957
7.574327731592981,30.116757921767682,0.33074288228339,-0.21627840389631706
9.252940607939843,-4.93229270165131,-0.26701295506907313,-0.4194281203361717
7.069936903625308,-15.895857279297582,0.5145589920666216,-0.3702268990137485
-22.307178824362655,-10.135053001022474,0.33886420300848064,-0.31622872397431157
-24.70699176205088,-11.07312931404034,0.2998518914274947,-0.3199347466600687
178.70157848675873,-19.303090883773507,-0.02828093439230038,0.2607972349080284
24.831454500346634,0.6839198156603847,-1.0160952526481881,-0.5089279300222866
-19.446300467461874,-25.21521745637992,-0.00894988007155341,0.5887061908135636
24.275455905927434,-0.6393324598831416,0.9435990495639951,-0.29449902258758187
-25.097653730379413,-4.061897879472754,0.4189107677181352,-0.27925770879356826
-4.861728960285348,30.456757423873714,-0.7744183739834516,-0.3163428461446604
-18.121738631713317,22.78024265497205,-0.039577820499861804,-0.2403568117207655
-23.78459788011297,14.90718576240279,0.7633379325266156,-0.17088312803967534
-24.467014024665456,0.6179181142657811,0.39601422024852934,0.7411182637477693
79.15721301093213,17.281377341372956,-0.2141497469442796,-0.4517595156950868
-24.235854763361367,12.918538631373112,0.7242774038398491,-0.18202263732318977
194.9601193667568,-16.723225496790647,0.16993119717400162,0.26414975314863337
-5.766716299693373,5.476152718782259,-1.2202399486424502,-0.4596462202996484
-18.049341445326707,-11.24910786904528,0.24868664452603084,0.6681930213487164
-24.581147464119056,-4.0752601578015755,0.4235389855607417,-0.2797004629552534
-24.44298621486525,-3.0786737717839823,0.44228548938307194,-0.2740557305911284
-5.960570032337428,9.4635381365185,-0.158216584187844,-0.3257026347236554
-18.29991579904958,15.779985602296598,-0.27455579007820835,0.7132885349991355
-5.586792286250261,12.472622805430179,-1.0960682665756152,-0.41945829424946285
119.11641948483276,-10.76046787360239,-0.4396416197820951,0.3522163675418235
-16.959077640114383,0.42742577712847263,0.5741119467818754,-0.2591523820427541
17.160287840781983,-6.122489809306178,-1.318215074954637,0.4511404796841821
-5.64056558368662,0.1711549979607452,-1.3119200211083069,-0.49030422032399956
20.27028754040039,17.804651197676872,-0.759321768831759,-0.4070442397651035
-22.737386745211282,-0.1223164304323963,0.5100942018671145,-0.25822829036972783
-18.62155115954413,22.793173057844918,-0.044056452048735976,-0.23992836759294944
-24.827033664674467,-10.069863081898623,0.3162847341916766,-0.31406868005951394
195.4741879765943,3.2666890364891215,0.5247074316506736,0.3789723990063065
-21.761452714888165,-2.133355060417985,-0.620726190400458,0.6125188184941263
-16.704972950965196,0.42085196030790656,0.576388883061323,-0.25937020303733577
-24.342232505830534,3.919844490678998,0.5657477562125653,-0.23379993899109675
0.19033899716891164,-23.704633449640806,-0.7917028169016255,0.47267505459184506
-25.47401713382141,-12.05344666716329,0.27547037339037095,-0.3250404106225756
-19.084212908397852,4.802249977893127,-0.36335506307774057,-0.3432687488648553
-18.672958020527872,20.794181604516943,-0.07953407549640311,-0.25141063217871673
20.83010306129882,-3.2132059485871958,-1.1219838256247412,-0.5285505949968557
-23.789209865325205,-9.096551421052192,0.3430927748019804,-0.30919514712545787
-11.188279338965543,0.5935936592437511,-0.47345849270259954,0.6207448886886391
-24.462815599431675,0.617809498881649,0.3960518407535399,0.7411146648170956
-6.320418059223664,-4.529402036777338,-0.4065599483215143,-0.4060784868240267
-24.39616934530944,-4.083787409522302,0.3143745643750474,0.7139757421975758
179.061426513645,-5.310150710477672,0.2200624297413699,0.3411730870083996
-13.899337051178167,-18.353853619203665,0.2741357581521802,-0.3695413313496867
-32.18988606261148,0.8397269199384284,-0.5560920256536512,-0.3568211361060009
-19.366950643808465,-6.192203015410747,-0.5584819920399101,-0.40642120408657556
-19.366950643808465,-6.192203015410747,-0.5584819920399101,-0.40642120408657556
-16.136019354660977,-0.7931774871422024,0.5604923187440694,-0.26676862903721116
2.6350922782535053,18.220595991774708,0.9592868429586638,0.8233570905724285
480.0927451166749,-7.093277269245083,3.133363434734426,-0.8761296447771522
-24.306321799227288,0.617502699359633,0.508276063013425,-0.25285425336385753
-24.306321799227288,0.617502699359633,0.508276063013425,-0.25285425336385753
-2.1918591416540303,0.08193521813795561,-1.2810174634210751,-0.49326048480593065
46.80177911901239,5.116339843435994,-0.7316849953432188,-0.4989452769434317
229.8741628480399,-14.625987397037584,0.5353082513020327,0.2515105943185025
-16.25168479187441,-5.29090825713015,0.4806676659868181,-0.29260372435518767
-24.243695608465032,1.9169739164891626,0.5316137222295606,-0.24541073681520892
39.82863906879239,39.30220187511563,-0.19887991205020128,-0.29702020617867464
-12.308868254813683,-13.394196414286862,0.3759298140518051,-0.3420888689591305
-19.1852797842585,0.8004801052096396,-0.5451165974845864,0.6275999947336965
20.624475617363824,-11.209171761899103,-1.2638943194154098,-0.5744796533399251
-24.41862999320582,1.9214995574946663,0.5300462011874546,-0.24526078137047325
-9.857318420431026,-25.44501684551142,-0.9167530713267762,0.4697616725623997
-20.337987367501512,-23.188085916253648,0.1288989762284757,-0.3928378857004269
-22.617879284814236,3.875234600767604,0.5811990350561813,-0.23527807123206224
-24.47851210402535,-6.07823676129497,0.38944167635643745,-0.2913147740212137
33.257884858999454,17.446641286383155,0.23995969462733263,0.6863821867127287
-18.44147066319958,-28.549733800436215,-0.9411537631864918,-0.535906020570116
-24.449957457132136,-1.0781720474004544,0.4772400086658306,-0.26252342373123216
-20.99490537976027,-11.150890440112082,-0.6606119453057007,-0.4338415331675456
-24.041632185031713,4.9122284957629105,0.5859498152882798,-0.22829445096851195
54.373547349454995,1.9162305334616128,-0.8271846553284562,0.4711094037924177
-17.70459800662682,0.4467127660536427,0.5674316199635746,-0.2585133147817036
-24.786361348075594,11.932619827725635,0.7018360289896978,-0.18731390328186653
-25.221972457605006,-9.059485128176828,0.3302543296039776,-0.3079669691886603
87.93809700559491,4.048380720971419,-0.47389990638238527,0.4596270441073903
-24.77919082419239,-13.071582862608803,0.2641879569073944,-0.3313991879701189
46.29771176036387,20.128048857851763,-0.5843962985014887,0.581769067477457
7.404541392697518,-0.16632851702111093,-1.195027737682691,-0.5014866120599997
-24.429734862344915,1.4179647281351386,0.41037050781402623,0.7457019252531715
-8.058216219492191,0.19715599060728936,0.6538692088568462,-0.2667822864485542
-23.78065621612121,2.9051555406393916,0.553271336558659,-0.2400444931341643
-22.849210159241103,-5.120226939208291,0.421549729541679,-0.2869482618680152
-23.877510744044024,18.910232214823765,0.8325393473074109,-0.14775082014768792
-20.990349800131956,27.851516739501665,-0.08856183868545037,0.7847527872806359
-24.9768702865651,0.6348501278538727,0.5022675309274554,-0.2522794527219794
-8.572146895837337,24.529769487688,-0.029812485135096767,0.7568182872065825
-24.752774589600183,-11.071944889137185,0.2994416487776178,-0.3198955011779608
-24.45206713234275,0.6212732048373613,0.5069700940537732,-0.25272931905618634
-20.36194395188655,-24.19136860894517,0.00035387699313062893,0.595254254776776
-24.464562445538522,0.6215964649091831,0.5068581282650514,-0.25271860795299095
179.42127454053121,8.682789462818166,0.46840579387504,0.4215489391087709
-25.400149624941285,-16.059742180852282,0.09527636002563102,0.6456783775312407
24.47335331956723,-13.312807323662986,-1.37524490429337,0.4045294906474287
-2.2098288635008454,-0.6168298825327165,-1.293418979735061,-0.497274211705985
-8.757953758455324,0.2152585546293046,0.6475991246884224,-0.2661824646696117
-25.272588115120197,-4.05737223846725,0.4173432466760292,-0.27910775334883264
-25.07266310398788,-4.062544399616397,0.41913469929557884,-0.2792791309999591
-25.005132432642526,-11.06915803834415,0.18635842498665864,0.6741555925867074
-3.6428233297517982,-21.61967687859218,0.31351503025365296,-0.3956228105709355
-12.369541569101766,-28.395037076114054,0.11275874870106943,-0.4284843420354659
47.4086821934127,15.102245828064868,-0.5511618360206709,-0.4418338649040664
-24.45206713234275,0.6212732048373613,0.5069700940537732,-0.25272931905618634
-6.551748933650528,-13.524863576753233,-0.5662092538360166,-0.45774867745997966
37.3265081536522,-0.9807115562766638,0.9497226659831101,0.6881482595158309
-1.4963200279246764,0.06394126950007246,-1.2747849997576617,-0.4938567076541995
-24.427105243041602,-4.0792453079669935,0.4249192998041047,-0.2798325094354464
-18.955695755938482,9.79972861121307,-0.2746610044585726,-0.314563087400437
-5.7632870841438555,19.474571852749264,-1.085912259388215,0.6148699276328023
-23.48393308264999,1.8935767014646356,0.4275997273250715,0.7477727575906318
-24.96493815268627,0.9354721384630561,0.5076424468423135,-0.25055564625982363
-8.048735664740287,0.49409965057307126,0.5484002167551825,0.7287783917143618
-19.084212908397852,4.802249977893127,-0.36335506307774057,-0.3432687488648553
-5.914544366250172,1.4573201557426254,-0.4086940497155871,0.6219873576394539
87.29376439719121,-20.935225479600753,-0.8065639119667137,-0.6777345359847877
-24.438228367471556,-28.662907243655358,-0.005539127710333014,-0.42148158311244877
-25.29615313331107,-2.0564412247083426,0.4521490753913651,-0.26756122214389294
-24.39363936681428,1.9208530373510229,0.5302701327648982,-0.24528220357686406
-31.941546228430692,10.15395155647925,-1.3847487554291757,-0.4141562411081826
-24.726037117101804,-11.076378375308362,0.18885929284355,0.6739163493857349
-18.955695755938482,9.79972861121307,-0.2746610044585726,-0.314563087400437
20.9860704903569,2.7799814453691987,-1.1263572427932511,0.4997294715305328
-24.40969870051172,-3.079534936615315,0.4425837662442269,-0.27408426497004096
-7.819151636420272,9.493348156576502,0.8188558097811962,-0.21338469041977187
-21.55757211706003,5.866397718921456,-0.36800940909827784,-0.33538539593289113
-1.5432894749562227,-23.678056030301022,0.18648923495463324,0.5848858878637746
-24.131594191753265,1.413993452438951,0.5238639742548622,-0.24838841399360473
-32.18061081150261,0.8577593905100384,-1.5497353563535257,-0.46755383713696497
-24.447576206293185,-6.0827788628502795,0.27889694092738015,0.7024934776118084
4.833876561239173,1.182994844619364,-0.2015595633982703,-0.3810610628093525
-25.409701399663444,13.94906732493198,0.7312674998463846,-0.17525323912354748
-4.815957161953537,-19.589005938225675,0.3380200064065784,-0.3830908578720187
61.85928791843194,20.725623699857245,-0.4274463908913794,0.574192699567782
-23.60928585188209,-2.100081334404272,0.4672644568688155,-0.26900722107527225
-31.967249658922583,9.15445582981526,-1.4024875671530095,-0.4198973734010663
-19.796468481065318,-2.202462622337425,0.39060773491746964,0.7215591652202166
6.761495737722818,-27.889805999265448,0.3016932513806184,-0.4391204865283525
-25.251767176872047,0.6419618494339503,0.49980428357557455,-0.25204380845168056
24.275455905927434,-0.6393324598831416,0.9435990495639951,-0.29449902258758187
4.062773646482957,-28.80187695530029,-0.7337239151132781,-0.5532950315958622
-24.45206713234275,0.6212732048373613,0.5069700940537732,-0.25272931905618634
48.62138397191881,31.069701844064564,-0.3709813254726463,0.6431720139476531
-18.12645173680233,-14.247595049037248,0.1954702093545301,0.6509696244700653
-14.188951627758998,-28.49972290858935,-0.9002471851452476,-0.5386292144896914
-24.972671861331325,0.6347415124697408,0.5023051514324659,-0.2522830516526531
-24.520096506340874,-6.077160951775947,0.3890690542115711,-0.29127912746977935
-24.202980808986293,-11.08616833229734,0.3043681434813794,-0.32036678971855853
51.1873208839018,7.99962394800607,-0.7506842710792003,0.5084196610335657
-23.76350643483333,-8.097055694388201,0.36083158652581404,-0.3034540148325742
-24.15217961564426,0.6135149631136404,0.5096572729830978,-0.252986385532876
24.334596475556236,1.660389619438152,0.9844139684215099,-0.28128935260898513
-2.491746658352521,0.08969345986167655,-1.2837046423503997,-0.49300341832924094
-24.526433343875652,-9.077479076814711,0.33648679326739095,-0.30856319203692917
-22.045937296405636,-13.124021087694324,-0.7050468318511162,-0.44446690949768075
-1.1827535312405166,0.35301807235800176,-1.3775291924249904,0.5014433051013533
-25.640675872040138,5.4536769083599035,0.5803756344050773,-0.2240421525098632
-23.86632015680083,-12.095038601044156,0.2898763396304796,-0.32641854400410886
-24.335817268927528,12.921124711947684,0.7233816775300743,-0.18193694849762654
37.32476130754535,-0.9769245902491297,1.0605289534946216,-0.3056850132542556
-24.170070938122855,5.91571195867289,0.6023074170424406,-0.22242118650660977
0.7540676218832963,-1.7119404970055243,-0.290642671465775,-0.39485330773480104
56.891926919288316,-1.4503339828467126,-0.8624118813506483,0.4499270931256199
-1.5964431820468128,-25.673260517601467,0.2618178990184775,-0.42042964949207934
-23.288391855663704,44.89916928390252,1.2930390368897426,0.0015864850171332838
-17.489369125691834,-20.265040822849503,0.09612790847970608,0.615844517969605
6.854248909430853,-13.857152869202018,-1.5506315465375748,0.4138695916536716
-5.830306033771216,14.457229803810907,-0.18032881308018756,0.6968362995108494
-23.151627654434748,-11.117109144357896,0.20296698222250367,0.6725667503831142
133.01930536487498,11.883553247795097,0.08763223535986306,0.47285148644437053
-5.093059834712209,21.46129588389782,-0.9340676794979539,-0.36801303678061337
-13.092822132471476,-5.376371405944442,0.3981511025169252,0.6985232382371358
-24.972671861331325,0.6347415124697408,0.5023051514324659,-0.2522830516526531
-17.805679696873806,11.752026062961436,0.7643872843802038,-0.19329781103742277
-20.91779508828464,-8.15240326012012,-0.6073955101341998,-0.41661813628889455
-5.788990514635721,18.475076126085273,-1.1036510711120482,0.6091287953399188
37.3265081536522,-0.9807115562766638,0.9497226659831101,0.6881482595158309
-19.341247213316592,-5.192707288746757,-0.5407431803160765,-0.40068007179369186
-18.876838618356015,12.794428825177498,-0.33225085679858335,0.6964935822483006
-18.404411890459755,-2.2202034043538905,-0.5906450137392897,0.6096411306652366
18.329693213312325,0.8521236683918014,-1.074355083288563,-0.5033545574300038
-22.70272328493492,0.5760167947823231,0.5226453044748329,-0.2542288735035427
-21.73059116566646,-25.152379926512573,0.08140339288255949,-0.40317046331361245
-24.401401812549725,-3.0797495813030045,0.44265811152793827,-0.2740913771425627
20.800323161863023,16.78703644644106,-0.8829027528583321,0.5805730132408281
-27.09764153307385,4.02767316776664,-1.4463953102834355,-0.45288747614364555
-22.757843785758816,17.881105176936305,0.8250637676409772,-0.15447377500387496
-8.240811032964434,-1.4829802113214343,-0.48206432685702166,0.6066919593359753
-25.352941189191313,-14.060642112140172,0.13071636296828765,0.6571642410476816
-22.60635353696081,-9.12715251249112,0.35369190422554597,-0.3102091029983475
-24.58132582599284,-10.076219667950925,0.31848642946110317,-0.3142793031927484
-24.306321799227288,0.617502699359633,0.508276063013425,-0.25285425336385753
51.624279202263665,24.991051301293876,-0.4491244717740293,0.606018910012588
-6.318671213116824,-4.533189002804871,-0.5173662358330258,0.5877547859460599
-24.22147779910661,3.9167205053449146,0.5668297935947735,-0.2339034510923771
-21.88255138002684,-7.149298039765492,0.28437266797398103,0.6945315480268028
-21.73749613050315,-1.130072367726462,-0.492181091165113,-0.37557332198307675
-25.272588115120197,-4.05737223846725,0.41734324667602907,-0.27910775334883264
-2.844270138396868,9.360903681963931,0.7526119061809827,0.7761855632785447
-19.264136921840976,-2.1942201087547915,-0.4875267451445757,-0.3834566749150409
-2.465116322312753,-10.615574115200133,-1.5816133844849085,0.4391477381352651
-8.756206912348478,0.2114715886017719,0.5367928371769108,0.727650808100475
-2.2869391549764777,-3.615317062524679,-1.3466354149065618,-0.5144976085846359
-24.392926562713953,2.920995284158655,0.5477850129112881,-0.23951964907758957
